<?xml version="1.0" encoding="UTF-8"?><InteractionHistory Id="local-10" Version="1"><InteractionEvent Delta="null" EndDate="2018-11-05 21:41:25.373 CET" Interest="45.0" Kind="propagation" Navigation="null" OriginId="org.eclipse.mylyn.wikitext.ui.editor.markupEditor" StartDate="2018-11-05 21:39:21.709 CET" StructureHandle="/PhysicsLibrary" StructureKind="resource" NumEvents="45" CreationCount="1"/><InteractionEvent Delta="null" EndDate="2018-11-05 21:41:25.373 CET" Interest="37.717003" Kind="propagation" Navigation="org.eclipse.mylyn.core.model.edges.containment" OriginId="org.eclipse.mylyn.core.model.interest.propagation" StartDate="2018-11-05 21:39:21.709 CET" StructureHandle="" StructureKind="java" NumEvents="45" CreationCount="1"/><InteractionEvent Delta="null" EndDate="2018-11-05 21:39:26.316 CET" Interest="2.0" Kind="selection" Navigation="null" OriginId="org.eclipse.mylyn.wikitext.ui.editor.markupEditor" StartDate="2018-11-05 21:39:25.752 CET" StructureHandle="/PhysicsLibrary/README.md" StructureKind="org.eclipse.mylyn.wikitext" NumEvents="2" CreationCount="2"/><InteractionEvent Delta="null" EndDate="2018-11-05 21:41:25.373 CET" Interest="21.0" Kind="edit" Navigation="null" OriginId="org.eclipse.mylyn.wikitext.ui.editor.markupEditor" StartDate="2018-11-05 21:39:26.525 CET" StructureHandle="/PhysicsLibrary/README.md" StructureKind="org.eclipse.mylyn.wikitext" NumEvents="21" CreationCount="2"/><InteractionEvent Delta="null" EndDate="2018-11-05 21:41:25.373 CET" Interest="21.0" Kind="propagation" Navigation="null" OriginId="org.eclipse.mylyn.wikitext.ui.editor.markupEditor" StartDate="2018-11-05 21:39:26.528 CET" StructureHandle="/PhysicsLibrary/README.md" StructureKind="resource" NumEvents="21" CreationCount="2"/><InteractionEvent Delta="null" EndDate="2018-11-05 21:41:24.398 CET" Interest="1.0" Kind="selection" Navigation="null" OriginId="org.eclipse.mylyn.wikitext.ui.editor.markupEditor" StartDate="2018-11-05 21:41:24.398 CET" StructureHandle="/PhysicsLibrary/README.md;5-november-2018-alen" StructureKind="org.eclipse.mylyn.wikitext"/><InteractionEvent Delta="null" EndDate="2018-11-05 21:39:47.234 CET" Interest="3.0" Kind="selection" Navigation="null" OriginId="org.eclipse.mylyn.wikitext.ui.editor.markupEditor" StartDate="2018-11-05 21:39:26.527 CET" StructureHandle="/PhysicsLibrary/README.md;physicslibrary" StructureKind="org.eclipse.mylyn.wikitext" NumEvents="3" CreationCount="5"/><InteractionEvent Delta="null" EndDate="2018-11-05 21:41:22.651 CET" Interest="10.2039995" Kind="propagation" Navigation="org.eclipse.mylyn.core.model.edges.containment" OriginId="org.eclipse.mylyn.core.model.interest.propagation" StartDate="2018-11-05 21:40:08.937 CET" StructureHandle="/PhysicsLibrary/README.md;physicslibrary" StructureKind="org.eclipse.mylyn.wikitext" NumEvents="11" CreationCount="5"/><InteractionEvent Delta="null" EndDate="2018-11-05 21:39:51.977 CET" Interest="1.0" Kind="selection" Navigation="null" OriginId="org.eclipse.mylyn.wikitext.ui.editor.markupEditor" StartDate="2018-11-05 21:39:51.977 CET" StructureHandle="/PhysicsLibrary/README.md;h2-1" StructureKind="org.eclipse.mylyn.wikitext"/><InteractionEvent Delta="null" EndDate="2018-11-05 21:39:52.804 CET" Interest="1.0" Kind="selection" Navigation="null" OriginId="org.eclipse.mylyn.wikitext.ui.editor.markupEditor" StartDate="2018-11-05 21:39:52.804 CET" StructureHandle="/PhysicsLibrary/README.md;h3-1" StructureKind="org.eclipse.mylyn.wikitext"/><InteractionEvent Delta="null" EndDate="2018-11-05 21:41:25.373 CET" Interest="37.717003" Kind="propagation" Navigation="org.eclipse.mylyn.core.model.edges.containment" OriginId="org.eclipse.mylyn.core.model.interest.propagation" StartDate="2018-11-05 21:39:21.709 CET" StructureHandle="/" StructureKind="resource" NumEvents="45" CreationCount="1"/><InteractionEvent Delta="null" EndDate="2018-11-05 21:41:22.651 CET" Interest="13.2039995" Kind="propagation" Navigation="org.eclipse.mylyn.core.model.edges.containment" OriginId="org.eclipse.mylyn.core.model.interest.propagation" StartDate="2018-11-05 21:39:26.527 CET" StructureHandle="/PhysicsLibrary/README.md;&amp;lt;root&amp;gt;" StructureKind="org.eclipse.mylyn.wikitext" NumEvents="14" CreationCount="5"/><InteractionEvent Delta="null" EndDate="2018-11-05 21:39:21.709 CET" Interest="1.0" Kind="selection" Navigation="null" OriginId="org.eclipse.jdt.ui.PackageExplorer" StartDate="2018-11-05 21:39:21.709 CET" StructureHandle="=PhysicsLibrary" StructureKind="java"/><InteractionEvent Delta="null" EndDate="2018-11-05 21:41:25.373 CET" Interest="36.717003" Kind="propagation" Navigation="org.eclipse.mylyn.core.model.edges.containment" OriginId="org.eclipse.mylyn.core.model.interest.propagation" StartDate="2018-11-05 21:39:25.752 CET" StructureHandle="=PhysicsLibrary" StructureKind="resource" NumEvents="44" CreationCount="1"/><InteractionEvent Delta="null" EndDate="2018-11-05 21:41:22.651 CET" Interest="13.0" Kind="selection" Navigation="null" OriginId="org.eclipse.mylyn.wikitext.ui.editor.markupEditor" StartDate="2018-11-05 21:40:05.791 CET" StructureHandle="/PhysicsLibrary/README.md;5-november-2018" StructureKind="org.eclipse.mylyn.wikitext" NumEvents="13" CreationCount="17"/><InteractionEvent Delta="null" EndDate="2018-11-05 21:40:00.62 CET" Interest="1.0" Kind="selection" Navigation="null" OriginId="org.eclipse.mylyn.wikitext.ui.editor.markupEditor" StartDate="2018-11-05 21:40:00.62 CET" StructureHandle="/PhysicsLibrary/README.md;5-novem" StructureKind="org.eclipse.mylyn.wikitext"/><InteractionEvent Delta="null" EndDate="2018-11-05 21:41:25.373 CET" Interest="1.0" Kind="selection" Navigation="null" OriginId="org.eclipse.mylyn.wikitext.ui.editor.markupEditor" StartDate="2018-11-05 21:41:25.373 CET" StructureHandle="/PhysicsLibrary/README.md;5-november-2018-alen-m" StructureKind="org.eclipse.mylyn.wikitext"/></InteractionHistory>