<?xml version="1.0" encoding="UTF-8"?><InteractionHistory Id="local-2" Version="1"><InteractionEvent Delta="null" EndDate="2018-10-28 15:40:05.245 CET" Interest="6.0" Kind="selection" Navigation="null" OriginId="org.eclipse.jdt.ui.CompilationUnitEditor" StartDate="2018-10-28 13:25:21.609 CET" StructureHandle="=PhysicsLibrary/&amp;lt;enums{Method_test.java[Method_test~Q5" StructureKind="java" NumEvents="6" CreationCount="1767"/><InteractionEvent Delta="null" EndDate="2018-10-28 15:41:49.217 CET" Interest="72.0" Kind="edit" Navigation="null" OriginId="org.eclipse.jdt.ui.CompilationUnitEditor" StartDate="2018-10-28 13:25:28.684 CET" StructureHandle="=PhysicsLibrary/&amp;lt;enums{Method_test.java[Method_test~Q5" StructureKind="java" NumEvents="72" CreationCount="1767"/><InteractionEvent Delta="null" EndDate="2018-10-28 15:31:37.970 CET" Interest="12.821001" Kind="manipulation" Navigation="null" OriginId="org.eclipse.mylyn.core.model.interest.decay.correction" StartDate="2018-10-28 15:31:37.970 CET" StructureHandle="=PhysicsLibrary/&amp;lt;enums{Method_test.java[Method_test~Q5" StructureKind="java"/><InteractionEvent Delta="null" EndDate="2018-10-28 17:07:49.235 CET" Interest="2.8190005" Kind="propagation" Navigation="org.eclipse.mylyn.core.model.edges.containment" OriginId="org.eclipse.mylyn.core.model.interest.propagation" StartDate="2018-10-28 17:06:28.535 CET" StructureHandle="=PhysicsLibrary/&amp;lt;enums{FluidTable.java" StructureKind="java" NumEvents="9" CreationCount="2668"/><InteractionEvent Delta="null" EndDate="2018-10-28 17:06:24.647 CET" Interest="3.0" Kind="selection" Navigation="null" OriginId="org.eclipse.jdt.ui.CompilationUnitEditor" StartDate="2018-10-28 15:27:49.303 CET" StructureHandle="=PhysicsLibrary/&amp;lt;enums{FluidTable.java" StructureKind="java" NumEvents="3" CreationCount="2668"/><InteractionEvent Delta="null" EndDate="2018-10-28 17:06:24.647 CET" Interest="6.925" Kind="manipulation" Navigation="null" OriginId="org.eclipse.mylyn.core.model.interest.decay.correction" StartDate="2018-10-28 17:06:24.647 CET" StructureHandle="=PhysicsLibrary/&amp;lt;enums{FluidTable.java" StructureKind="java"/><InteractionEvent Delta="null" EndDate="2018-10-28 15:42:37.468 CET" Interest="2.0" Kind="selection" Navigation="null" OriginId="org.eclipse.jdt.ui.CompilationUnitEditor" StartDate="2018-10-28 13:25:18.906 CET" StructureHandle="=PhysicsLibrary/&amp;lt;enums{Method_test.java[Method_test~Q6" StructureKind="java" NumEvents="2" CreationCount="1766"/><InteractionEvent Delta="null" EndDate="2018-10-28 15:42:37.468 CET" Interest="15.915001" Kind="manipulation" Navigation="null" OriginId="org.eclipse.mylyn.core.model.interest.decay.correction" StartDate="2018-10-28 15:42:37.468 CET" StructureHandle="=PhysicsLibrary/&amp;lt;enums{Method_test.java[Method_test~Q6" StructureKind="java"/><InteractionEvent Delta="null" EndDate="2018-10-28 16:09:14.39 CET" Interest="102.0" Kind="edit" Navigation="null" OriginId="org.eclipse.jdt.ui.CompilationUnitEditor" StartDate="2018-10-28 15:42:43.488 CET" StructureHandle="=PhysicsLibrary/&amp;lt;enums{Method_test.java[Method_test~Q6" StructureKind="java" NumEvents="102" CreationCount="1766"/><InteractionEvent Delta="null" EndDate="2018-10-28 15:22:22.39 CET" Interest="8.0" Kind="selection" Navigation="null" OriginId="org.eclipse.jdt.ui.CompilationUnitEditor" StartDate="2018-10-28 13:07:21.216 CET" StructureHandle="=PhysicsLibrary/&amp;lt;enums{Method_test.java[Method_test~Q3" StructureKind="java" NumEvents="8" CreationCount="1468"/><InteractionEvent Delta="null" EndDate="2018-10-28 15:12:53.281 CET" Interest="13.286" Kind="manipulation" Navigation="null" OriginId="org.eclipse.mylyn.core.model.interest.decay.correction" StartDate="2018-10-28 13:13:30.531 CET" StructureHandle="=PhysicsLibrary/&amp;lt;enums{Method_test.java[Method_test~Q3" StructureKind="java" NumEvents="3" CreationCount="1468"/><InteractionEvent Delta="null" EndDate="2018-10-28 15:21:57.199 CET" Interest="89.0" Kind="edit" Navigation="null" OriginId="org.eclipse.jdt.ui.CompilationUnitEditor" StartDate="2018-10-28 13:13:31.387 CET" StructureHandle="=PhysicsLibrary/&amp;lt;enums{Method_test.java[Method_test~Q3" StructureKind="java" NumEvents="89" CreationCount="1468"/><InteractionEvent Delta="null" EndDate="2018-10-28 15:28:28.400 CET" Interest="8.0" Kind="selection" Navigation="null" OriginId="org.eclipse.jdt.ui.CompilationUnitEditor" StartDate="2018-10-28 13:07:18.861 CET" StructureHandle="=PhysicsLibrary/&amp;lt;enums{Method_test.java[Method_test~Q4" StructureKind="java" NumEvents="8" CreationCount="1466"/><InteractionEvent Delta="null" EndDate="2018-10-28 15:31:37.333 CET" Interest="60.0" Kind="edit" Navigation="null" OriginId="org.eclipse.jdt.ui.CompilationUnitEditor" StartDate="2018-10-28 13:07:25.147 CET" StructureHandle="=PhysicsLibrary/&amp;lt;enums{Method_test.java[Method_test~Q4" StructureKind="java" NumEvents="60" CreationCount="1466"/><InteractionEvent Delta="null" EndDate="2018-10-28 15:23:46.299 CET" Interest="2.5540009" Kind="manipulation" Navigation="null" OriginId="org.eclipse.mylyn.core.model.interest.decay.correction" StartDate="2018-10-28 15:23:46.299 CET" StructureHandle="=PhysicsLibrary/&amp;lt;enums{Method_test.java[Method_test~Q4" StructureKind="java"/><InteractionEvent Delta="null" EndDate="2018-10-28 15:12:42.284 CET" Interest="13.0" Kind="selection" Navigation="null" OriginId="org.eclipse.jdt.ui.CompilationUnitEditor" StartDate="2018-10-28 13:00:00.543 CET" StructureHandle="=PhysicsLibrary/&amp;lt;enums{Method_test.java[Method_test~Q1" StructureKind="java" NumEvents="13" CreationCount="1360"/><InteractionEvent Delta="null" EndDate="2018-10-28 15:12:43.591 CET" Interest="135.0" Kind="edit" Navigation="null" OriginId="org.eclipse.jdt.ui.CompilationUnitEditor" StartDate="2018-10-28 13:00:04.715 CET" StructureHandle="=PhysicsLibrary/&amp;lt;enums{Method_test.java[Method_test~Q1" StructureKind="java" NumEvents="135" CreationCount="1360"/><InteractionEvent Delta="null" EndDate="2018-10-28 13:38:38.110 CET" Interest="151.67601" Kind="propagation" Navigation="org.eclipse.mylyn.core.model.edges.containment" OriginId="org.eclipse.mylyn.core.model.interest.propagation" StartDate="2018-10-26 14:13:26.807 CEST" StructureHandle="=PhysicsLibrary/&amp;lt;enums{Methods.java" StructureKind="java" NumEvents="251" CreationCount="1"/><InteractionEvent Delta="null" EndDate="2018-10-28 16:13:42.206 CET" Interest="25.0" Kind="selection" Navigation="null" OriginId="org.eclipse.jdt.ui.CompilationUnitEditor" StartDate="2018-10-28 10:11:33.516 CET" StructureHandle="=PhysicsLibrary/&amp;lt;enums{Methods.java" StructureKind="java" NumEvents="25" CreationCount="1"/><InteractionEvent Delta="null" EndDate="2018-10-28 15:31:57.22 CET" Interest="9.0" Kind="selection" Navigation="null" OriginId="org.eclipse.jdt.ui.CompilationUnitEditor" StartDate="2018-10-28 13:06:57.404 CET" StructureHandle="=PhysicsLibrary/&amp;lt;enums{Method_test.java[Method_test~Q2" StructureKind="java" NumEvents="9" CreationCount="1454"/><InteractionEvent Delta="null" EndDate="2018-10-28 15:31:57.956 CET" Interest="73.0" Kind="edit" Navigation="null" OriginId="org.eclipse.jdt.ui.CompilationUnitEditor" StartDate="2018-10-28 13:06:59.736 CET" StructureHandle="=PhysicsLibrary/&amp;lt;enums{Method_test.java[Method_test~Q2" StructureKind="java" NumEvents="73" CreationCount="1454"/><InteractionEvent Delta="null" EndDate="2018-10-26 14:34:49.822 CEST" Interest="7.0" Kind="selection" Navigation="null" OriginId="org.eclipse.jdt.ui.CompilationUnitEditor" StartDate="2018-10-26 14:18:48.60 CEST" StructureHandle="=PhysicsLibrary/&amp;lt;enums{Methods.java[Methods~fallSpeed~D" StructureKind="java" NumEvents="7" CreationCount="29"/><InteractionEvent Delta="null" EndDate="2018-10-26 14:37:51.613 CEST" Interest="80.0" Kind="edit" Navigation="null" OriginId="org.eclipse.jdt.ui.CompilationUnitEditor" StartDate="2018-10-26 14:19:00.472 CEST" StructureHandle="=PhysicsLibrary/&amp;lt;enums{Methods.java[Methods~fallSpeed~D" StructureKind="java" NumEvents="80" CreationCount="29"/><InteractionEvent Delta="null" EndDate="2018-10-26 14:34:44.552 CEST" Interest="2.0" Kind="selection" Navigation="null" OriginId="org.eclipse.jdt.ui.CompilationUnitEditor" StartDate="2018-10-26 14:14:03.539 CEST" StructureHandle="=PhysicsLibrary/&amp;lt;enums{Methods.java[Methods~potentialEnergy~D~D" StructureKind="java" NumEvents="2" CreationCount="8"/><InteractionEvent Delta="null" EndDate="2018-10-26 14:34:47.493 CEST" Interest="16.0" Kind="edit" Navigation="null" OriginId="org.eclipse.jdt.ui.CompilationUnitEditor" StartDate="2018-10-26 14:14:08.75 CEST" StructureHandle="=PhysicsLibrary/&amp;lt;enums{Methods.java[Methods~potentialEnergy~D~D" StructureKind="java" NumEvents="16" CreationCount="8"/><InteractionEvent Delta="null" EndDate="2018-10-28 13:25:13.815 CET" Interest="1.0" Kind="selection" Navigation="null" OriginId="org.eclipse.jdt.ui.CompilationUnitEditor" StartDate="2018-10-28 13:25:13.815 CET" StructureHandle="=PhysicsLibrary/&amp;lt;enums{Method_test.java[Method_test~Q4!3" StructureKind="java"/><InteractionEvent Delta="null" EndDate="2018-10-28 11:19:33.393 CET" Interest="2.0" Kind="selection" Navigation="null" OriginId="org.eclipse.jdt.ui.CompilationUnitEditor" StartDate="2018-10-28 11:19:33.268 CET" StructureHandle="=PhysicsLibrary/&amp;lt;enums{SolidTable.java" StructureKind="java" NumEvents="2" CreationCount="980"/><InteractionEvent Delta="null" EndDate="2018-10-28 16:50:00.722 CET" Interest="4.0" Kind="selection" Navigation="null" OriginId="org.eclipse.jdt.ui.CompilationUnitEditor" StartDate="2018-10-28 13:25:17.377 CET" StructureHandle="=PhysicsLibrary/&amp;lt;enums{Method_test.java[Method_test~Q7" StructureKind="java" NumEvents="4" CreationCount="1764"/><InteractionEvent Delta="null" EndDate="2018-10-28 16:09:14.626 CET" Interest="17.7" Kind="manipulation" Navigation="null" OriginId="org.eclipse.mylyn.core.model.interest.decay.correction" StartDate="2018-10-28 16:09:14.626 CET" StructureHandle="=PhysicsLibrary/&amp;lt;enums{Method_test.java[Method_test~Q7" StructureKind="java"/><InteractionEvent Delta="null" EndDate="2018-10-28 16:58:13.825 CET" Interest="282.0" Kind="edit" Navigation="null" OriginId="org.eclipse.jdt.ui.CompilationUnitEditor" StartDate="2018-10-28 16:09:16.109 CET" StructureHandle="=PhysicsLibrary/&amp;lt;enums{Method_test.java[Method_test~Q7" StructureKind="java" NumEvents="282" CreationCount="1764"/><InteractionEvent Delta="null" EndDate="2018-10-28 10:28:24.707 CET" Interest="3.0" Kind="selection" Navigation="null" OriginId="org.eclipse.jdt.ui.CompilationUnitEditor" StartDate="2018-10-28 10:12:31.832 CET" StructureHandle="=PhysicsLibrary/&amp;lt;enums{Methods.java[Methods~volumeToMass~QFluidTable;~D" StructureKind="java" NumEvents="3" CreationCount="466"/><InteractionEvent Delta="null" EndDate="2018-10-28 10:28:45.467 CET" Interest="46.0" Kind="edit" Navigation="null" OriginId="org.eclipse.jdt.ui.CompilationUnitEditor" StartDate="2018-10-28 10:12:43.915 CET" StructureHandle="=PhysicsLibrary/&amp;lt;enums{Methods.java[Methods~volumeToMass~QFluidTable;~D" StructureKind="java" NumEvents="46" CreationCount="466"/><InteractionEvent Delta="null" EndDate="2018-10-28 16:49:58.311 CET" Interest="2.0" Kind="selection" Navigation="null" OriginId="org.eclipse.jdt.ui.CompilationUnitEditor" StartDate="2018-10-28 13:25:15.486 CET" StructureHandle="=PhysicsLibrary/&amp;lt;enums{Method_test.java[Method_test~Q8" StructureKind="java" NumEvents="2" CreationCount="1762"/><InteractionEvent Delta="null" EndDate="2018-10-28 16:49:58.311 CET" Interest="21.083002" Kind="manipulation" Navigation="null" OriginId="org.eclipse.mylyn.core.model.interest.decay.correction" StartDate="2018-10-28 16:49:58.311 CET" StructureHandle="=PhysicsLibrary/&amp;lt;enums{Method_test.java[Method_test~Q8" StructureKind="java"/><InteractionEvent Delta="null" EndDate="2018-10-28 16:13:42.273 CET" Interest="17.0" Kind="selection" Navigation="null" OriginId="org.eclipse.jdt.ui.CompilationUnitEditor" StartDate="2018-10-28 09:47:14.768 CET" StructureHandle="=PhysicsLibrary/&amp;lt;enums{Methods.java[Methods^df" StructureKind="java" NumEvents="17" CreationCount="365"/><InteractionEvent Delta="null" EndDate="2018-10-28 15:14:47.968 CET" Interest="13.0" Kind="edit" Navigation="null" OriginId="org.eclipse.jdt.ui.CompilationUnitEditor" StartDate="2018-10-28 09:47:18.454 CET" StructureHandle="=PhysicsLibrary/&amp;lt;enums{Methods.java[Methods^df" StructureKind="java" NumEvents="13" CreationCount="365"/><InteractionEvent Delta="null" EndDate="2018-10-28 15:14:43.909 CET" Interest="18.609001" Kind="manipulation" Navigation="null" OriginId="org.eclipse.mylyn.core.model.interest.decay.correction" StartDate="2018-10-28 14:36:14.333 CET" StructureHandle="=PhysicsLibrary/&amp;lt;enums{Methods.java[Methods^df" StructureKind="java" NumEvents="2" CreationCount="365"/><InteractionEvent Delta="null" EndDate="2018-10-28 10:53:05.670 CET" Interest="5.0" Kind="selection" Navigation="null" OriginId="org.eclipse.jdt.ui.CompilationUnitEditor" StartDate="2018-10-28 10:30:27.720 CET" StructureHandle="=PhysicsLibrary/&amp;lt;enums{Methods.java[Methods~svtVelocity~D~D" StructureKind="java" NumEvents="5" CreationCount="606"/><InteractionEvent Delta="null" EndDate="2018-10-28 10:55:24.869 CET" Interest="64.0" Kind="edit" Navigation="null" OriginId="org.eclipse.jdt.ui.CompilationUnitEditor" StartDate="2018-10-28 10:30:54.989 CET" StructureHandle="=PhysicsLibrary/&amp;lt;enums{Methods.java[Methods~svtVelocity~D~D" StructureKind="java" NumEvents="64" CreationCount="606"/><InteractionEvent Delta="null" EndDate="2018-10-28 11:06:49.712 CET" Interest="3.0" Kind="selection" Navigation="null" OriginId="org.eclipse.jdt.ui.CompilationUnitEditor" StartDate="2018-10-28 10:42:30.918 CET" StructureHandle="=PhysicsLibrary/&amp;lt;enums{Methods.java[Methods~svtTime~D~D" StructureKind="java" NumEvents="3" CreationCount="720"/><InteractionEvent Delta="null" EndDate="2018-10-28 10:59:45.275 CET" Interest="49.0" Kind="edit" Navigation="null" OriginId="org.eclipse.jdt.ui.CompilationUnitEditor" StartDate="2018-10-28 10:42:39.487 CET" StructureHandle="=PhysicsLibrary/&amp;lt;enums{Methods.java[Methods~svtTime~D~D" StructureKind="java" NumEvents="49" CreationCount="720"/><InteractionEvent Delta="null" EndDate="2018-10-28 16:39:32.329 CET" Interest="414.32202" Kind="propagation" Navigation="org.eclipse.mylyn.core.model.edges.containment" OriginId="org.eclipse.mylyn.core.model.interest.propagation" StartDate="2018-10-26 14:13:26.808 CEST" StructureHandle="=PhysicsLibrary/&amp;lt;enums" StructureKind="java" NumEvents="604" CreationCount="1"/><InteractionEvent Delta="null" EndDate="2018-10-28 12:44:05.773 CET" Interest="2.0" Kind="selection" Navigation="null" OriginId="org.eclipse.jdt.ui.PackageExplorer" StartDate="2018-10-28 09:57:53.69 CET" StructureHandle="=PhysicsLibrary/&amp;lt;enums" StructureKind="java" NumEvents="2" CreationCount="1"/><InteractionEvent Delta="null" EndDate="2018-10-28 12:45:46.1 CET" Interest="2.0" Kind="selection" Navigation="null" OriginId="org.eclipse.jdt.ui.CompilationUnitEditor" StartDate="2018-10-28 12:45:20.699 CET" StructureHandle="=PhysicsLibrary/&amp;lt;enums{Methods.java[Methods~fahrenheitToCelsius~D" StructureKind="java" NumEvents="2" CreationCount="1242"/><InteractionEvent Delta="null" EndDate="2018-10-28 12:45:48.859 CET" Interest="5.0" Kind="edit" Navigation="null" OriginId="org.eclipse.jdt.ui.CompilationUnitEditor" StartDate="2018-10-28 12:45:23.663 CET" StructureHandle="=PhysicsLibrary/&amp;lt;enums{Methods.java[Methods~fahrenheitToCelsius~D" StructureKind="java" NumEvents="5" CreationCount="1242"/><InteractionEvent Delta="null" EndDate="2018-10-28 14:47:26.17 CET" Interest="28.0" Kind="selection" Navigation="null" OriginId="org.eclipse.jdt.ui.CompilationUnitEditor" StartDate="2018-10-28 12:47:43.615 CET" StructureHandle="=PhysicsLibrary/&amp;lt;enums{Method_test.java[Method_test~main~\[QString;" StructureKind="java" NumEvents="28" CreationCount="1267"/><InteractionEvent Delta="null" EndDate="2018-10-28 14:47:39.323 CET" Interest="514.0" Kind="edit" Navigation="null" OriginId="org.eclipse.jdt.ui.CompilationUnitEditor" StartDate="2018-10-28 12:47:44.116 CET" StructureHandle="=PhysicsLibrary/&amp;lt;enums{Method_test.java[Method_test~main~\[QString;" StructureKind="java" NumEvents="514" CreationCount="1267"/><InteractionEvent Delta="null" EndDate="2018-10-28 17:06:22.217 CET" Interest="1866.0" Kind="propagation" Navigation="null" OriginId="org.eclipse.jdt.ui.PackageExplorer" StartDate="2018-10-28 12:44:35.100 CET" StructureHandle="/PhysicsLibrary/enums/Method_test.java" StructureKind="resource" NumEvents="1866" CreationCount="1233"/><InteractionEvent Delta="null" EndDate="2018-10-28 17:07:49.234 CET" Interest="1.385" Kind="propagation" Navigation="org.eclipse.mylyn.core.model.edges.containment" OriginId="org.eclipse.mylyn.core.model.interest.propagation" StartDate="2018-10-28 17:07:32.517 CET" StructureHandle="=PhysicsLibrary/&amp;lt;enums{FluidTable.java[FluidTable" StructureKind="java" NumEvents="2" CreationCount="3195"/><InteractionEvent Delta="null" EndDate="2018-10-28 17:06:28.535 CET" Interest="1.0" Kind="selection" Navigation="null" OriginId="org.eclipse.jdt.ui.CompilationUnitEditor" StartDate="2018-10-28 17:06:28.535 CET" StructureHandle="=PhysicsLibrary/&amp;lt;enums{FluidTable.java[FluidTable" StructureKind="java"/><InteractionEvent Delta="null" EndDate="2018-10-28 17:06:31.542 CET" Interest="2.0" Kind="edit" Navigation="null" OriginId="org.eclipse.jdt.ui.CompilationUnitEditor" StartDate="2018-10-28 17:06:30.505 CET" StructureHandle="=PhysicsLibrary/&amp;lt;enums{FluidTable.java[FluidTable" StructureKind="java" NumEvents="2" CreationCount="3195"/><InteractionEvent Delta="null" EndDate="2018-10-28 17:07:49.235 CET" Interest="3261.0" Kind="propagation" Navigation="org.eclipse.mylyn.core.model.edges.containment" OriginId="org.eclipse.mylyn.core.model.interest.propagation" StartDate="2018-10-26 14:13:26.806 CEST" StructureHandle="/" StructureKind="resource" NumEvents="3261" CreationCount="1"/><InteractionEvent Delta="null" EndDate="2018-10-28 16:39:32.329 CET" Interest="416.32205" Kind="propagation" Navigation="org.eclipse.mylyn.core.model.edges.containment" OriginId="org.eclipse.mylyn.core.model.interest.propagation" StartDate="2018-10-26 14:13:26.808 CEST" StructureHandle="=PhysicsLibrary/" StructureKind="java" NumEvents="606" CreationCount="1"/><InteractionEvent Delta="null" EndDate="2018-10-28 12:45:43.874 CET" Interest="2.0" Kind="selection" Navigation="null" OriginId="org.eclipse.jdt.ui.CompilationUnitEditor" StartDate="2018-10-28 12:45:29.795 CET" StructureHandle="=PhysicsLibrary/&amp;lt;enums{Methods.java[Methods~kelvinToCelsius~D" StructureKind="java" NumEvents="2" CreationCount="1246"/><InteractionEvent Delta="null" EndDate="2018-10-28 12:45:45.228 CET" Interest="5.0" Kind="edit" Navigation="null" OriginId="org.eclipse.jdt.ui.CompilationUnitEditor" StartDate="2018-10-28 12:45:30.796 CET" StructureHandle="=PhysicsLibrary/&amp;lt;enums{Methods.java[Methods~kelvinToCelsius~D" StructureKind="java" NumEvents="5" CreationCount="1246"/><InteractionEvent Delta="null" EndDate="2018-10-28 12:45:38.129 CET" Interest="3.0" Kind="selection" Navigation="null" OriginId="org.eclipse.jdt.ui.CompilationUnitEditor" StartDate="2018-10-26 14:13:27.517 CEST" StructureHandle="=PhysicsLibrary/&amp;lt;enums{Methods.java[Methods~fluidPressure~QFluidTable;~D" StructureKind="java" NumEvents="3" CreationCount="197"/><InteractionEvent Delta="null" EndDate="2018-10-26 14:13:37.528 CEST" Interest="1.0" Kind="edit" Navigation="null" OriginId="org.eclipse.jdt.ui.CompilationUnitEditor" StartDate="2018-10-26 14:13:37.528 CEST" StructureHandle="=PhysicsLibrary/&amp;lt;enums{Methods.java[Methods~fluidPressure~QFluidTable;~D" StructureKind="java"/><InteractionEvent Delta="null" EndDate="2018-10-28 12:45:38.130 CET" Interest="15.201001" Kind="manipulation" Navigation="null" OriginId="org.eclipse.mylyn.core.model.interest.decay.correction" StartDate="2018-10-28 12:45:38.130 CET" StructureHandle="=PhysicsLibrary/&amp;lt;enums{Methods.java[Methods~fluidPressure~QFluidTable;~D" StructureKind="java"/><InteractionEvent Delta="null" EndDate="2018-10-28 11:33:01.281 CET" Interest="5.0" Kind="selection" Navigation="null" OriginId="org.eclipse.jdt.ui.CompilationUnitEditor" StartDate="2018-10-28 11:22:36.457 CET" StructureHandle="=PhysicsLibrary/&amp;lt;enums{Methods.java[Methods~heat~QFluidTable;~D~D" StructureKind="java" NumEvents="5" CreationCount="1032"/><InteractionEvent Delta="null" EndDate="2018-10-28 11:33:31.362 CET" Interest="21.0" Kind="edit" Navigation="null" OriginId="org.eclipse.jdt.ui.CompilationUnitEditor" StartDate="2018-10-28 11:22:45.117 CET" StructureHandle="=PhysicsLibrary/&amp;lt;enums{Methods.java[Methods~heat~QFluidTable;~D~D" StructureKind="java" NumEvents="21" CreationCount="1032"/><InteractionEvent Delta="null" EndDate="2018-10-28 17:07:49.234 CET" Interest="19.0" Kind="propagation" Navigation="null" OriginId="org.eclipse.jdt.ui.CompilationUnitEditor" StartDate="2018-10-28 15:27:49.310 CET" StructureHandle="/PhysicsLibrary/enums/FluidTable.java" StructureKind="resource" NumEvents="19" CreationCount="2668"/><InteractionEvent Delta="null" EndDate="2018-10-28 17:06:24.647 CET" Interest="6.9420004" Kind="manipulation" Navigation="null" OriginId="org.eclipse.mylyn.core.model.interest.decay.correction" StartDate="2018-10-28 17:06:24.647 CET" StructureHandle="/PhysicsLibrary/enums/FluidTable.java" StructureKind="resource"/><InteractionEvent Delta="null" EndDate="2018-10-28 17:07:45.552 CET" Interest="2.0" Kind="selection" Navigation="null" OriginId="org.eclipse.jdt.ui.CompilationUnitEditor" StartDate="2018-10-28 17:07:17.283 CET" StructureHandle="=PhysicsLibrary/&amp;lt;enums{FluidTable.java[FluidTable~FluidTable~D~D~D~D~D" StructureKind="java" NumEvents="2" CreationCount="3199"/><InteractionEvent Delta="null" EndDate="2018-10-28 14:58:59.26 CET" Interest="7.0" Kind="selection" Navigation="null" OriginId="org.eclipse.jdt.ui.CompilationUnitEditor" StartDate="2018-10-28 13:25:11.2 CET" StructureHandle="=PhysicsLibrary/&amp;lt;enums{Method_test.java[Method_test~Q10" StructureKind="java" NumEvents="7" CreationCount="1759"/><InteractionEvent Delta="null" EndDate="2018-10-28 14:46:18.465 CET" Interest="11.0" Kind="edit" Navigation="null" OriginId="org.eclipse.jdt.ui.CompilationUnitEditor" StartDate="2018-10-28 13:25:33.751 CET" StructureHandle="=PhysicsLibrary/&amp;lt;enums{Method_test.java[Method_test~Q10" StructureKind="java" NumEvents="11" CreationCount="1759"/><InteractionEvent Delta="null" EndDate="2018-10-28 10:53:02.430 CET" Interest="6.0" Kind="selection" Navigation="null" OriginId="org.eclipse.jdt.ui.CompilationUnitEditor" StartDate="2018-10-28 10:13:34.951 CET" StructureHandle="=PhysicsLibrary/&amp;lt;enums{Methods.java[Methods~volumeToMass~QSolidTable;~D" StructureKind="java" NumEvents="6" CreationCount="495"/><InteractionEvent Delta="null" EndDate="2018-10-28 10:30:16.109 CET" Interest="32.0" Kind="edit" Navigation="null" OriginId="org.eclipse.jdt.ui.CompilationUnitEditor" StartDate="2018-10-28 10:13:42.956 CET" StructureHandle="=PhysicsLibrary/&amp;lt;enums{Methods.java[Methods~volumeToMass~QSolidTable;~D" StructureKind="java" NumEvents="32" CreationCount="495"/><InteractionEvent Delta="null" EndDate="2018-10-28 14:36:14.224 CET" Interest="12.0" Kind="selection" Navigation="null" OriginId="org.eclipse.ui.views.ContentOutline" StartDate="2018-10-28 11:38:24.975 CET" StructureHandle="=PhysicsLibrary/&amp;lt;enums{Methods.java[Methods~velocityToHeight~D" StructureKind="java" NumEvents="12" CreationCount="1176"/><InteractionEvent Delta="null" EndDate="2018-10-28 13:39:21.285 CET" Interest="59.0" Kind="edit" Navigation="null" OriginId="org.eclipse.jdt.ui.CompilationUnitEditor" StartDate="2018-10-28 11:38:48.155 CET" StructureHandle="=PhysicsLibrary/&amp;lt;enums{Methods.java[Methods~velocityToHeight~D" StructureKind="java" NumEvents="59" CreationCount="1176"/><InteractionEvent Delta="null" EndDate="2018-10-28 16:13:42.273 CET" Interest="1372.0" Kind="propagation" Navigation="null" OriginId="org.eclipse.jdt.ui.CompilationUnitEditor" StartDate="2018-10-26 14:13:26.806 CEST" StructureHandle="/PhysicsLibrary/enums/Methods.java" StructureKind="resource" NumEvents="1372" CreationCount="1"/><InteractionEvent Delta="null" EndDate="2018-10-26 14:37:51.613 CEST" Interest="49.776" Kind="propagation" Navigation="org.eclipse.mylyn.core.model.edges.containment" OriginId="org.eclipse.mylyn.core.model.interest.propagation" StartDate="2018-10-26 14:13:26.805 CEST" StructureHandle="=PhysicsLibrary/&amp;lt;enums{Methods.java[Methods" StructureKind="java" NumEvents="73" CreationCount="1"/><InteractionEvent Delta="null" EndDate="2018-10-28 13:38:12.479 CET" Interest="58.0" Kind="selection" Navigation="null" OriginId="org.eclipse.jdt.ui.CompilationUnitEditor" StartDate="2018-10-26 14:14:00.742 CEST" StructureHandle="=PhysicsLibrary/&amp;lt;enums{Methods.java[Methods" StructureKind="java" NumEvents="58" CreationCount="1"/><InteractionEvent Delta="null" EndDate="2018-10-28 12:44:59.731 CET" Interest="77.0" Kind="edit" Navigation="null" OriginId="org.eclipse.jdt.ui.CompilationUnitEditor" StartDate="2018-10-26 14:18:35.934 CEST" StructureHandle="=PhysicsLibrary/&amp;lt;enums{Methods.java[Methods" StructureKind="java" NumEvents="77" CreationCount="1"/><InteractionEvent Delta="null" EndDate="2018-10-28 11:06:53.683 CET" Interest="4.0" Kind="selection" Navigation="null" OriginId="org.eclipse.jdt.ui.CompilationUnitEditor" StartDate="2018-10-28 10:59:57.29 CET" StructureHandle="=PhysicsLibrary/&amp;lt;enums{Methods.java[Methods~work~D~D" StructureKind="java" NumEvents="4" CreationCount="830"/><InteractionEvent Delta="null" EndDate="2018-10-28 11:07:38.310 CET" Interest="51.0" Kind="edit" Navigation="null" OriginId="org.eclipse.jdt.ui.CompilationUnitEditor" StartDate="2018-10-28 11:00:09.543 CET" StructureHandle="=PhysicsLibrary/&amp;lt;enums{Methods.java[Methods~work~D~D" StructureKind="java" NumEvents="51" CreationCount="830"/><InteractionEvent Delta="null" EndDate="2018-10-28 10:28:52.93 CET" Interest="4.0" Kind="selection" Navigation="null" OriginId="org.eclipse.jdt.ui.CompilationUnitEditor" StartDate="2018-10-28 10:13:37.211 CET" StructureHandle="=PhysicsLibrary/&amp;lt;enums{Methods.java[Methods~volumeToMass~QGasTable;~D" StructureKind="java" NumEvents="4" CreationCount="497"/><InteractionEvent Delta="null" EndDate="2018-10-28 10:29:13.330 CET" Interest="23.0" Kind="edit" Navigation="null" OriginId="org.eclipse.jdt.ui.CompilationUnitEditor" StartDate="2018-10-28 10:13:47.937 CET" StructureHandle="=PhysicsLibrary/&amp;lt;enums{Methods.java[Methods~volumeToMass~QGasTable;~D" StructureKind="java" NumEvents="23" CreationCount="497"/><InteractionEvent Delta="null" EndDate="2018-10-28 11:26:24.549 CET" Interest="4.0" Kind="selection" Navigation="null" OriginId="org.eclipse.jdt.ui.CompilationUnitEditor" StartDate="2018-10-28 11:03:50.110 CET" StructureHandle="=PhysicsLibrary/&amp;lt;enums{Methods.java[Methods~power~D~D" StructureKind="java" NumEvents="4" CreationCount="884"/><InteractionEvent Delta="null" EndDate="2018-10-28 11:17:09.541 CET" Interest="38.0" Kind="edit" Navigation="null" OriginId="org.eclipse.jdt.ui.CompilationUnitEditor" StartDate="2018-10-28 11:03:56.536 CET" StructureHandle="=PhysicsLibrary/&amp;lt;enums{Methods.java[Methods~power~D~D" StructureKind="java" NumEvents="38" CreationCount="884"/><InteractionEvent Delta="null" EndDate="2018-10-28 12:46:36.91 CET" Interest="3.0" Kind="selection" Navigation="null" OriginId="org.eclipse.jdt.ui.CompilationUnitEditor" StartDate="2018-10-28 11:23:14.547 CET" StructureHandle="=PhysicsLibrary/&amp;lt;enums{Methods.java[Methods~heat~QGasTable;~D~D" StructureKind="java" NumEvents="3" CreationCount="1045"/><InteractionEvent Delta="null" EndDate="2018-10-28 12:46:46.317 CET" Interest="13.0" Kind="edit" Navigation="null" OriginId="org.eclipse.jdt.ui.CompilationUnitEditor" StartDate="2018-10-28 11:23:17.103 CET" StructureHandle="=PhysicsLibrary/&amp;lt;enums{Methods.java[Methods~heat~QGasTable;~D~D" StructureKind="java" NumEvents="13" CreationCount="1045"/><InteractionEvent Delta="null" EndDate="2018-10-28 10:28:07.577 CET" Interest="12.0" Kind="selection" Navigation="null" OriginId="org.eclipse.jdt.ui.CompilationUnitEditor" StartDate="2018-10-26 14:30:16.201 CEST" StructureHandle="=PhysicsLibrary/&amp;lt;enums{Methods.java[Methods~delta~D~D" StructureKind="java" NumEvents="12" CreationCount="102"/><InteractionEvent Delta="null" EndDate="2018-10-28 10:28:15.264 CET" Interest="60.0" Kind="edit" Navigation="null" OriginId="org.eclipse.jdt.ui.CompilationUnitEditor" StartDate="2018-10-26 14:30:25.981 CEST" StructureHandle="=PhysicsLibrary/&amp;lt;enums{Methods.java[Methods~delta~D~D" StructureKind="java" NumEvents="60" CreationCount="102"/><InteractionEvent Delta="null" EndDate="2018-10-28 17:07:49.235 CET" Interest="3261.0" Kind="propagation" Navigation="null" OriginId="org.eclipse.jdt.ui.CompilationUnitEditor" StartDate="2018-10-26 14:13:26.809 CEST" StructureHandle="/PhysicsLibrary" StructureKind="resource" NumEvents="3261" CreationCount="1"/><InteractionEvent Delta="null" EndDate="2018-10-28 14:44:40.298 CET" Interest="10.0" Kind="selection" Navigation="null" OriginId="org.eclipse.jdt.ui.CompilationUnitEditor" StartDate="2018-10-28 13:55:34.43 CET" StructureHandle="=PhysicsLibrary/&amp;lt;enums{Method_test.java[Method_test^df" StructureKind="java" NumEvents="10" CreationCount="1999"/><InteractionEvent Delta="null" EndDate="2018-10-28 14:44:33.929 CET" Interest="91.0" Kind="edit" Navigation="null" OriginId="org.eclipse.jdt.ui.CompilationUnitEditor" StartDate="2018-10-28 13:55:34.841 CET" StructureHandle="=PhysicsLibrary/&amp;lt;enums{Method_test.java[Method_test^df" StructureKind="java" NumEvents="91" CreationCount="1999"/><InteractionEvent Delta="null" EndDate="2018-10-28 14:47:39.323 CET" Interest="360.35098" Kind="propagation" Navigation="org.eclipse.mylyn.core.model.edges.containment" OriginId="org.eclipse.mylyn.core.model.interest.propagation" StartDate="2018-10-28 12:47:55.347 CET" StructureHandle="=PhysicsLibrary/&amp;lt;enums{Method_test.java[Method_test" StructureKind="java" NumEvents="514" CreationCount="1264"/><InteractionEvent Delta="null" EndDate="2018-10-28 15:40:04.9 CET" Interest="18.0" Kind="selection" Navigation="null" OriginId="org.eclipse.jdt.ui.CompilationUnitEditor" StartDate="2018-10-28 12:47:03.216 CET" StructureHandle="=PhysicsLibrary/&amp;lt;enums{Method_test.java[Method_test" StructureKind="java" NumEvents="18" CreationCount="1264"/><InteractionEvent Delta="null" EndDate="2018-10-28 14:45:29.998 CET" Interest="15.0" Kind="edit" Navigation="null" OriginId="org.eclipse.jdt.ui.CompilationUnitEditor" StartDate="2018-10-28 12:47:41.453 CET" StructureHandle="=PhysicsLibrary/&amp;lt;enums{Method_test.java[Method_test" StructureKind="java" NumEvents="15" CreationCount="1264"/><InteractionEvent Delta="null" EndDate="2018-10-28 13:37:07.361 CET" Interest="2.0" Kind="selection" Navigation="null" OriginId="org.eclipse.jdt.ui.CompilationUnitEditor" StartDate="2018-10-28 10:06:34.461 CET" StructureHandle="=PhysicsLibrary/&amp;lt;enums{Methods.java[Methods^g_swe" StructureKind="java" NumEvents="2" CreationCount="445"/><InteractionEvent Delta="null" EndDate="2018-10-28 13:37:07.361 CET" Interest="22.936" Kind="manipulation" Navigation="null" OriginId="org.eclipse.mylyn.core.model.interest.decay.correction" StartDate="2018-10-28 13:37:07.361 CET" StructureHandle="=PhysicsLibrary/&amp;lt;enums{Methods.java[Methods^g_swe" StructureKind="java"/><InteractionEvent Delta="null" EndDate="2018-10-28 13:37:13.298 CET" Interest="2.0" Kind="edit" Navigation="null" OriginId="org.eclipse.jdt.ui.CompilationUnitEditor" StartDate="2018-10-28 13:37:09.172 CET" StructureHandle="=PhysicsLibrary/&amp;lt;enums{Methods.java[Methods^g_swe" StructureKind="java" NumEvents="2" CreationCount="445"/><InteractionEvent Delta="null" EndDate="2018-10-28 14:47:39.324 CET" Interest="376.378" Kind="propagation" Navigation="org.eclipse.mylyn.core.model.edges.containment" OriginId="org.eclipse.mylyn.core.model.interest.propagation" StartDate="2018-10-28 12:44:35.100 CET" StructureHandle="=PhysicsLibrary/&amp;lt;enums{Method_test.java" StructureKind="java" NumEvents="541" CreationCount="1233"/><InteractionEvent Delta="null" EndDate="2018-10-28 16:16:31.204 CET" Interest="19.0" Kind="selection" Navigation="null" OriginId="org.eclipse.jdt.ui.CompilationUnitEditor" StartDate="2018-10-28 12:44:35.301 CET" StructureHandle="=PhysicsLibrary/&amp;lt;enums{Method_test.java" StructureKind="java" NumEvents="19" CreationCount="1233"/><InteractionEvent Delta="null" EndDate="2018-10-28 10:55:27.571 CET" Interest="3.0" Kind="selection" Navigation="null" OriginId="org.eclipse.jdt.ui.CompilationUnitEditor" StartDate="2018-10-28 10:38:09.324 CET" StructureHandle="=PhysicsLibrary/&amp;lt;enums{Methods.java[Methods~svtDistance~D~D" StructureKind="java" NumEvents="3" CreationCount="677"/><InteractionEvent Delta="null" EndDate="2018-10-28 10:56:19.153 CET" Interest="49.0" Kind="edit" Navigation="null" OriginId="org.eclipse.jdt.ui.CompilationUnitEditor" StartDate="2018-10-28 10:38:23.343 CET" StructureHandle="=PhysicsLibrary/&amp;lt;enums{Methods.java[Methods~svtDistance~D~D" StructureKind="java" NumEvents="49" CreationCount="677"/><InteractionEvent Delta="null" EndDate="2018-10-26 14:13:58.228 CEST" Interest="2.0" Kind="selection" Navigation="null" OriginId="org.eclipse.jdt.ui.CompilationUnitEditor" StartDate="2018-10-26 14:13:26.803 CEST" StructureHandle="=PhysicsLibrary/&amp;lt;enums{Methods.java[Methods~kineticEnergy~D~D" StructureKind="java" NumEvents="2" CreationCount="1"/><InteractionEvent Delta="null" EndDate="2018-10-28 17:07:49.235 CET" Interest="3260.0" Kind="propagation" Navigation="org.eclipse.mylyn.core.model.edges.containment" OriginId="org.eclipse.mylyn.core.model.interest.propagation" StartDate="2018-10-26 14:13:26.806 CEST" StructureHandle="=PhysicsLibrary" StructureKind="resource" NumEvents="3260" CreationCount="1"/><InteractionEvent Delta="null" EndDate="2018-10-26 14:13:35.818 CEST" Interest="1.0" Kind="selection" Navigation="null" OriginId="org.eclipse.jdt.ui.PackageExplorer" StartDate="2018-10-26 14:13:35.818 CEST" StructureHandle="=PhysicsLibrary" StructureKind="java"/><InteractionEvent Delta="null" EndDate="2018-10-28 11:31:43.459 CET" Interest="9.0" Kind="selection" Navigation="null" OriginId="org.eclipse.jdt.ui.CompilationUnitEditor" StartDate="2018-10-28 11:17:21.547 CET" StructureHandle="=PhysicsLibrary/&amp;lt;enums{Methods.java[Methods~heat~QSolidTable;~D~D" StructureKind="java" NumEvents="9" CreationCount="961"/><InteractionEvent Delta="null" EndDate="2018-10-28 11:32:54.588 CET" Interest="114.0" Kind="edit" Navigation="null" OriginId="org.eclipse.jdt.ui.CompilationUnitEditor" StartDate="2018-10-28 11:17:32.35 CET" StructureHandle="=PhysicsLibrary/&amp;lt;enums{Methods.java[Methods~heat~QSolidTable;~D~D" StructureKind="java" NumEvents="114" CreationCount="961"/><InteractionEvent Delta="null" EndDate="2018-10-28 17:07:49.235 CET" Interest="3261.0" Kind="propagation" Navigation="null" OriginId="org.eclipse.jdt.ui.CompilationUnitEditor" StartDate="2018-10-26 14:13:26.806 CEST" StructureHandle="/PhysicsLibrary/enums" StructureKind="resource" NumEvents="3261" CreationCount="1"/><InteractionEvent Delta="null" EndDate="2018-10-28 17:06:22.217 CET" Interest="8.0" Kind="selection" Navigation="null" OriginId="org.eclipse.jdt.ui.PackageExplorer" StartDate="2018-10-28 14:46:20.53 CET" StructureHandle="=PhysicsLibrary/&amp;lt;enums{Method_test.java[Method_test~queryLoop" StructureKind="java" NumEvents="8" CreationCount="2205"/><InteractionEvent Delta="null" EndDate="2018-10-28 17:03:06.801 CET" Interest="271.0" Kind="edit" Navigation="null" OriginId="org.eclipse.jdt.ui.CompilationUnitEditor" StartDate="2018-10-28 14:46:20.566 CET" StructureHandle="=PhysicsLibrary/&amp;lt;enums{Method_test.java[Method_test~queryLoop" StructureKind="java" NumEvents="271" CreationCount="2205"/><InteractionEvent Delta="null" EndDate="2018-10-28 11:19:33.393 CET" Interest="2.0" Kind="propagation" Navigation="null" OriginId="org.eclipse.jdt.ui.CompilationUnitEditor" StartDate="2018-10-28 11:19:33.269 CET" StructureHandle="/PhysicsLibrary/enums/SolidTable.java" StructureKind="resource" NumEvents="2" CreationCount="980"/><InteractionEvent Delta="null" EndDate="2018-10-28 17:07:49.234 CET" Interest="3.0" Kind="selection" Navigation="null" OriginId="org.eclipse.jdt.ui.CompilationUnitEditor" StartDate="2018-10-28 17:07:19.738 CET" StructureHandle="=PhysicsLibrary/&amp;lt;enums{FluidTable.java[FluidTable^SULFURIC_ACID" StructureKind="java" NumEvents="3" CreationCount="3200"/><InteractionEvent Delta="null" EndDate="2018-10-28 17:07:32.517 CET" Interest="1.0" Kind="edit" Navigation="null" OriginId="org.eclipse.jdt.ui.CompilationUnitEditor" StartDate="2018-10-28 17:07:32.517 CET" StructureHandle="=PhysicsLibrary/&amp;lt;enums{FluidTable.java[FluidTable^SULFRIC_ACID" StructureKind="java"/></InteractionHistory>