<?xml version="1.0" encoding="UTF-8"?><InteractionHistory Id="local-3" Version="1"><InteractionEvent Delta="null" EndDate="2018-11-05 20:55:31.235 CET" Interest="3269.034" Kind="propagation" Navigation="org.eclipse.mylyn.core.model.edges.containment" OriginId="org.eclipse.mylyn.core.model.interest.propagation" StartDate="2018-10-26 14:57:31.580 CEST" StructureHandle="" StructureKind="java" NumEvents="2696" CreationCount="1"/><InteractionEvent Delta="null" EndDate="2018-11-05 20:31:19.47 CET" Interest="2.0" Kind="selection" Navigation="null" OriginId="org.eclipse.jdt.ui.CompilationUnitEditor" StartDate="2018-10-30 16:17:37.131 CET" StructureHandle="=PhysicsLibrary/&amp;lt;enums{Method_test.java[Method_test^input" StructureKind="java" NumEvents="2" CreationCount="17"/><InteractionEvent Delta="null" EndDate="2018-11-05 20:31:19.47 CET" Interest="48.555004" Kind="manipulation" Navigation="null" OriginId="org.eclipse.mylyn.core.model.interest.decay.correction" StartDate="2018-11-05 20:31:19.47 CET" StructureHandle="=PhysicsLibrary/&amp;lt;enums{Method_test.java[Method_test^input" StructureKind="java"/><InteractionEvent Delta="null" EndDate="2018-11-05 20:32:50.63 CET" Interest="14.0" Kind="edit" Navigation="null" OriginId="org.eclipse.jdt.ui.CompilationUnitEditor" StartDate="2018-11-05 20:32:24.492 CET" StructureHandle="=PhysicsLibrary/&amp;lt;enums{Method_test.java[Method_test^input" StructureKind="java" NumEvents="14" CreationCount="17"/><InteractionEvent Delta="null" EndDate="2018-11-05 20:44:31.629 CET" Interest="3.0" Kind="selection" Navigation="null" OriginId="org.eclipse.jdt.ui.CompilationUnitEditor" StartDate="2018-11-03 17:45:26.328 CET" StructureHandle="=PhysicsLibrary/&amp;lt;enums{Method_test.java[Method_test~Q5" StructureKind="java" NumEvents="3" CreationCount="18"/><InteractionEvent Delta="null" EndDate="2018-11-05 20:40:26.680 CET" Interest="49.844" Kind="manipulation" Navigation="null" OriginId="org.eclipse.mylyn.core.model.interest.decay.correction" StartDate="2018-11-05 20:40:26.680 CET" StructureHandle="=PhysicsLibrary/&amp;lt;enums{Method_test.java[Method_test~Q5" StructureKind="java"/><InteractionEvent Delta="null" EndDate="2018-11-05 20:45:26.742 CET" Interest="16.0" Kind="edit" Navigation="null" OriginId="org.eclipse.jdt.ui.CompilationUnitEditor" StartDate="2018-11-03 17:45:32.676 CET" StructureHandle="=PhysicsLibrary/&amp;lt;enums{Method_test.java[Method_test~Q5" StructureKind="java" NumEvents="16" CreationCount="18"/><InteractionEvent Delta="null" EndDate="2018-11-05 20:45:40.393 CET" Interest="4.0" Kind="selection" Navigation="null" OriginId="org.eclipse.jdt.ui.CompilationUnitEditor" StartDate="2018-11-03 17:47:05.620 CET" StructureHandle="=PhysicsLibrary/&amp;lt;enums{Method_test.java[Method_test~Q6" StructureKind="java" NumEvents="4" CreationCount="1675"/><InteractionEvent Delta="null" EndDate="2018-11-05 20:40:32.213 CET" Interest="18.643002" Kind="manipulation" Navigation="null" OriginId="org.eclipse.mylyn.core.model.interest.decay.correction" StartDate="2018-11-05 20:40:32.213 CET" StructureHandle="=PhysicsLibrary/&amp;lt;enums{Method_test.java[Method_test~Q6" StructureKind="java"/><InteractionEvent Delta="null" EndDate="2018-11-05 20:46:24.107 CET" Interest="18.0" Kind="edit" Navigation="null" OriginId="org.eclipse.jdt.ui.CompilationUnitEditor" StartDate="2018-11-03 17:47:06.394 CET" StructureHandle="=PhysicsLibrary/&amp;lt;enums{Method_test.java[Method_test~Q6" StructureKind="java" NumEvents="18" CreationCount="1675"/><InteractionEvent Delta="null" EndDate="2018-11-05 20:41:52.2 CET" Interest="3.0" Kind="selection" Navigation="null" OriginId="org.eclipse.jdt.ui.CompilationUnitEditor" StartDate="2018-11-05 20:40:12.793 CET" StructureHandle="=PhysicsLibrary/&amp;lt;enums{Method_test.java[Method_test~Q3" StructureKind="java" NumEvents="3" CreationCount="3043"/><InteractionEvent Delta="null" EndDate="2018-11-05 20:42:14.869 CET" Interest="17.0" Kind="edit" Navigation="null" OriginId="org.eclipse.jdt.ui.CompilationUnitEditor" StartDate="2018-11-05 20:40:13.964 CET" StructureHandle="=PhysicsLibrary/&amp;lt;enums{Method_test.java[Method_test~Q3" StructureKind="java" NumEvents="17" CreationCount="3043"/><InteractionEvent Delta="null" EndDate="2018-11-05 20:42:28.909 CET" Interest="2.0" Kind="selection" Navigation="null" OriginId="org.eclipse.jdt.ui.CompilationUnitEditor" StartDate="2018-11-05 20:40:19.796 CET" StructureHandle="=PhysicsLibrary/&amp;lt;enums{Method_test.java[Method_test~Q4" StructureKind="java" NumEvents="2" CreationCount="3047"/><InteractionEvent Delta="null" EndDate="2018-11-05 20:44:18.244 CET" Interest="15.0" Kind="edit" Navigation="null" OriginId="org.eclipse.jdt.ui.CompilationUnitEditor" StartDate="2018-11-05 20:40:21.498 CET" StructureHandle="=PhysicsLibrary/&amp;lt;enums{Method_test.java[Method_test~Q4" StructureKind="java" NumEvents="15" CreationCount="3047"/><InteractionEvent Delta="null" EndDate="2018-11-05 20:39:40.90 CET" Interest="2.0" Kind="selection" Navigation="null" OriginId="org.eclipse.jdt.ui.CompilationUnitEditor" StartDate="2018-11-05 20:37:41.182 CET" StructureHandle="=PhysicsLibrary/&amp;lt;enums{Method_test.java[Method_test~Q1" StructureKind="java" NumEvents="2" CreationCount="2985"/><InteractionEvent Delta="null" EndDate="2018-11-05 20:39:42.371 CET" Interest="30.0" Kind="edit" Navigation="null" OriginId="org.eclipse.jdt.ui.CompilationUnitEditor" StartDate="2018-11-05 20:37:43.859 CET" StructureHandle="=PhysicsLibrary/&amp;lt;enums{Method_test.java[Method_test~Q1" StructureKind="java" NumEvents="30" CreationCount="2985"/><InteractionEvent Delta="null" EndDate="2018-11-05 08:24:10.557 CET" Interest="12.0" Kind="selection" Navigation="null" OriginId="org.eclipse.jdt.ui.CompilationUnitEditor" StartDate="2018-11-03 17:11:04.10 CET" StructureHandle="=PhysicsLibrary/&amp;lt;enums{GasTable.java[GasTable~GasTable~D~D" StructureKind="java" NumEvents="12" CreationCount="1516"/><InteractionEvent Delta="null" EndDate="2018-11-04 11:22:39.471 CET" Interest="6.3100004" Kind="manipulation" Navigation="null" OriginId="org.eclipse.mylyn.core.model.interest.decay.correction" StartDate="2018-11-04 11:22:39.471 CET" StructureHandle="=PhysicsLibrary/&amp;lt;enums{GasTable.java[GasTable~GasTable~D~D" StructureKind="java"/><InteractionEvent Delta="null" EndDate="2018-11-05 08:23:46.639 CET" Interest="21.0" Kind="edit" Navigation="null" OriginId="org.eclipse.jdt.ui.CompilationUnitEditor" StartDate="2018-11-04 11:22:49.21 CET" StructureHandle="=PhysicsLibrary/&amp;lt;enums{GasTable.java[GasTable~GasTable~D~D" StructureKind="java" NumEvents="21" CreationCount="1516"/><InteractionEvent Delta="null" EndDate="2018-11-05 20:41:27.170 CET" Interest="4.0" Kind="selection" Navigation="null" OriginId="org.eclipse.jdt.ui.CompilationUnitEditor" StartDate="2018-11-05 20:39:05.874 CET" StructureHandle="=PhysicsLibrary/&amp;lt;enums{Method_test.java[Method_test~Q2" StructureKind="java" NumEvents="4" CreationCount="3016"/><InteractionEvent Delta="null" EndDate="2018-11-05 20:41:41.169 CET" Interest="26.0" Kind="edit" Navigation="null" OriginId="org.eclipse.jdt.ui.CompilationUnitEditor" StartDate="2018-11-05 20:39:10.774 CET" StructureHandle="=PhysicsLibrary/&amp;lt;enums{Method_test.java[Method_test~Q2" StructureKind="java" NumEvents="26" CreationCount="3016"/><InteractionEvent Delta="null" EndDate="2018-11-05 08:24:20.284 CET" Interest="2.0" Kind="selection" Navigation="null" OriginId="org.eclipse.jdt.ui.CompilationUnitEditor" StartDate="2018-11-05 08:24:02.747 CET" StructureHandle="=PhysicsLibrary/&amp;lt;enums{SolidTable.java[SolidTable~SolidTable~D~D~D~D" StructureKind="java" NumEvents="2" CreationCount="2405"/><InteractionEvent Delta="null" EndDate="2018-11-05 08:24:04.818 CET" Interest="1.0" Kind="edit" Navigation="null" OriginId="org.eclipse.jdt.ui.CompilationUnitEditor" StartDate="2018-11-05 08:24:04.818 CET" StructureHandle="=PhysicsLibrary/&amp;lt;enums{SolidTable.java[SolidTable~SolidTable~D~D~D~D" StructureKind="java"/><InteractionEvent Delta="null" EndDate="2018-11-05 20:53:08.795 CET" Interest="2.0" Kind="selection" Navigation="null" OriginId="org.eclipse.jdt.ui.CompilationUnitEditor" StartDate="2018-11-05 20:40:52.14 CET" StructureHandle="=PhysicsLibrary/&amp;lt;enums{Method_test.java[Method_test~Q9" StructureKind="java" NumEvents="2" CreationCount="3068"/><InteractionEvent Delta="null" EndDate="2018-11-05 20:53:08.795 CET" Interest="0.9350002" Kind="manipulation" Navigation="null" OriginId="org.eclipse.mylyn.core.model.interest.decay.correction" StartDate="2018-11-05 20:53:08.795 CET" StructureHandle="=PhysicsLibrary/&amp;lt;enums{Method_test.java[Method_test~Q9" StructureKind="java"/><InteractionEvent Delta="null" EndDate="2018-11-05 20:54:02.120 CET" Interest="13.0" Kind="edit" Navigation="null" OriginId="org.eclipse.jdt.ui.CompilationUnitEditor" StartDate="2018-11-05 20:40:53.556 CET" StructureHandle="=PhysicsLibrary/&amp;lt;enums{Method_test.java[Method_test~Q9" StructureKind="java" NumEvents="13" CreationCount="3068"/><InteractionEvent Delta="null" EndDate="2018-11-05 20:46:52.639 CET" Interest="13.0" Kind="selection" Navigation="null" OriginId="org.eclipse.jdt.ui.CompilationUnitEditor" StartDate="2018-10-30 12:17:46.556 CET" StructureHandle="=PhysicsLibrary/&amp;lt;enums{Method_test.java[Method_test~Q7" StructureKind="java" NumEvents="13" CreationCount="140"/><InteractionEvent Delta="null" EndDate="2018-11-05 20:40:37.589 CET" Interest="15.506002" Kind="manipulation" Navigation="null" OriginId="org.eclipse.mylyn.core.model.interest.decay.correction" StartDate="2018-11-03 17:53:49.523 CET" StructureHandle="=PhysicsLibrary/&amp;lt;enums{Method_test.java[Method_test~Q7" StructureKind="java" NumEvents="5" CreationCount="140"/><InteractionEvent Delta="null" EndDate="2018-11-05 20:48:52.919 CET" Interest="61.0" Kind="edit" Navigation="null" OriginId="org.eclipse.jdt.ui.CompilationUnitEditor" StartDate="2018-10-30 12:18:43.531 CET" StructureHandle="=PhysicsLibrary/&amp;lt;enums{Method_test.java[Method_test~Q7" StructureKind="java" NumEvents="61" CreationCount="140"/><InteractionEvent Delta="null" EndDate="2018-11-05 08:26:59.273 CET" Interest="19.0" Kind="selection" Navigation="null" OriginId="org.eclipse.jdt.ui.CompilationUnitEditor" StartDate="2018-10-30 14:50:20.967 CET" StructureHandle="=PhysicsLibrary/&amp;lt;enums{SolidTable.java" StructureKind="java" NumEvents="19" CreationCount="181"/><InteractionEvent Delta="null" EndDate="2018-11-04 11:24:57.619 CET" Interest="26.617002" Kind="manipulation" Navigation="null" OriginId="org.eclipse.mylyn.core.model.interest.decay.correction" StartDate="2018-11-03 16:00:23.605 CET" StructureHandle="=PhysicsLibrary/&amp;lt;enums{SolidTable.java" StructureKind="java" NumEvents="2" CreationCount="181"/><InteractionEvent Delta="null" EndDate="2018-11-04 11:25:02.663 CET" Interest="1.0" Kind="edit" Navigation="null" OriginId="org.eclipse.jdt.ui.CompilationUnitEditor" StartDate="2018-11-04 11:25:02.663 CET" StructureHandle="=PhysicsLibrary/&amp;lt;enums{SolidTable.java" StructureKind="java"/><InteractionEvent Delta="null" EndDate="2018-11-05 08:26:46.277 CET" Interest="39.529007" Kind="propagation" Navigation="org.eclipse.mylyn.core.model.edges.containment" OriginId="org.eclipse.mylyn.core.model.interest.propagation" StartDate="2018-11-04 11:25:20.74 CET" StructureHandle="=PhysicsLibrary/&amp;lt;enums{SolidTable.java" StructureKind="java" NumEvents="65" CreationCount="181"/><InteractionEvent Delta="null" EndDate="2018-11-05 20:49:24.202 CET" Interest="19.0" Kind="selection" Navigation="null" OriginId="org.eclipse.jdt.ui.CompilationUnitEditor" StartDate="2018-10-30 12:10:47.265 CET" StructureHandle="=PhysicsLibrary/&amp;lt;enums{Method_test.java[Method_test~Q8" StructureKind="java" NumEvents="19" CreationCount="134"/><InteractionEvent Delta="null" EndDate="2018-11-05 20:52:45.516 CET" Interest="434.0" Kind="edit" Navigation="null" OriginId="org.eclipse.jdt.ui.CompilationUnitEditor" StartDate="2018-10-30 12:17:29.936 CET" StructureHandle="=PhysicsLibrary/&amp;lt;enums{Method_test.java[Method_test~Q8" StructureKind="java" NumEvents="434" CreationCount="134"/><InteractionEvent Delta="null" EndDate="2018-11-02 20:09:44.533 CET" Interest="4.0" Kind="selection" Navigation="null" OriginId="org.eclipse.jdt.ui.CompilationUnitEditor" StartDate="2018-10-30 21:13:50.710 CET" StructureHandle="=PhysicsLibrary/&amp;lt;enums{Methods.java[Methods^df" StructureKind="java" NumEvents="4" CreationCount="551"/><InteractionEvent Delta="null" EndDate="2018-10-30 21:13:52.228 CET" Interest="1.0" Kind="edit" Navigation="null" OriginId="org.eclipse.jdt.ui.CompilationUnitEditor" StartDate="2018-10-30 21:13:52.228 CET" StructureHandle="=PhysicsLibrary/&amp;lt;enums{Methods.java[Methods^df" StructureKind="java"/><InteractionEvent Delta="null" EndDate="2018-11-05 17:45:15.469 CET" Interest="4.0" Kind="selection" Navigation="null" OriginId="org.eclipse.jdt.ui.CompilationUnitEditor" StartDate="2018-11-04 11:33:27.340 CET" StructureHandle="=PhysicsLibrary/&amp;lt;enums{Methods.java[Methods~svtVelocity~D~D" StructureKind="java" NumEvents="4" CreationCount="2108"/><InteractionEvent Delta="null" EndDate="2018-11-05 17:45:15.470 CET" Interest="6.0440006" Kind="manipulation" Navigation="null" OriginId="org.eclipse.mylyn.core.model.interest.decay.correction" StartDate="2018-11-05 17:45:15.470 CET" StructureHandle="=PhysicsLibrary/&amp;lt;enums{Methods.java[Methods~svtVelocity~D~D" StructureKind="java"/><InteractionEvent Delta="null" EndDate="2018-11-05 17:45:59.156 CET" Interest="20.0" Kind="edit" Navigation="null" OriginId="org.eclipse.jdt.ui.CompilationUnitEditor" StartDate="2018-11-05 17:45:16.149 CET" StructureHandle="=PhysicsLibrary/&amp;lt;enums{Methods.java[Methods~svtVelocity~D~D" StructureKind="java" NumEvents="20" CreationCount="2108"/><InteractionEvent Delta="null" EndDate="2018-11-04 11:33:56.772 CET" Interest="3.0" Kind="selection" Navigation="null" OriginId="org.eclipse.ui.views.ContentOutline" StartDate="2018-10-29 17:55:30.431 CET" StructureHandle="=PhysicsLibrary/&amp;lt;enums{Methods.java[Methods~massFromCollision~D~D~D" StructureKind="java" NumEvents="3" CreationCount="124"/><InteractionEvent Delta="null" EndDate="2018-11-04 11:33:56.772 CET" Interest="32.170002" Kind="manipulation" Navigation="null" OriginId="org.eclipse.mylyn.core.model.interest.decay.correction" StartDate="2018-11-04 11:33:56.772 CET" StructureHandle="=PhysicsLibrary/&amp;lt;enums{Methods.java[Methods~massFromCollision~D~D~D" StructureKind="java"/><InteractionEvent Delta="null" EndDate="2018-11-04 11:33:56.77 CET" Interest="3.0" Kind="selection" Navigation="null" OriginId="org.eclipse.ui.views.ContentOutline" StartDate="2018-10-29 17:55:28.492 CET" StructureHandle="=PhysicsLibrary/&amp;lt;enums{Methods.java[Methods~velocityFromCollision~D~D~D" StructureKind="java" NumEvents="3" CreationCount="122"/><InteractionEvent Delta="null" EndDate="2018-11-04 11:33:56.77 CET" Interest="32.187" Kind="manipulation" Navigation="null" OriginId="org.eclipse.mylyn.core.model.interest.decay.correction" StartDate="2018-11-04 11:33:56.77 CET" StructureHandle="=PhysicsLibrary/&amp;lt;enums{Methods.java[Methods~velocityFromCollision~D~D~D" StructureKind="java"/><InteractionEvent Delta="null" EndDate="2018-11-04 11:04:28.451 CET" Interest="6.0" Kind="selection" Navigation="null" OriginId="org.eclipse.jdt.ui.CompilationUnitEditor" StartDate="2018-11-03 17:16:59.250 CET" StructureHandle="=PhysicsLibrary/&amp;lt;enums{GasTable.java[GasTable^HELIUM" StructureKind="java" NumEvents="6" CreationCount="1581"/><InteractionEvent Delta="null" EndDate="2018-11-03 17:22:27.54 CET" Interest="23.0" Kind="edit" Navigation="null" OriginId="org.eclipse.jdt.ui.CompilationUnitEditor" StartDate="2018-11-03 17:18:21.440 CET" StructureHandle="=PhysicsLibrary/&amp;lt;enums{GasTable.java[GasTable^HELIUM" StructureKind="java" NumEvents="23" CreationCount="1581"/><InteractionEvent Delta="null" EndDate="2018-10-26 14:57:33.462 CEST" Interest="1.0" Kind="selection" Navigation="null" OriginId="org.eclipse.jdt.ui.PackageExplorer" StartDate="2018-10-26 14:57:33.462 CEST" StructureHandle="=PhysicsLibrary/&amp;lt;enums" StructureKind="java"/><InteractionEvent Delta="null" EndDate="2018-11-05 20:55:31.139 CET" Interest="312.553" Kind="propagation" Navigation="org.eclipse.mylyn.core.model.edges.containment" OriginId="org.eclipse.mylyn.core.model.interest.propagation" StartDate="2018-10-26 14:57:36.396 CEST" StructureHandle="=PhysicsLibrary/&amp;lt;enums" StructureKind="java" NumEvents="436" CreationCount="990"/><InteractionEvent Delta="null" EndDate="2018-11-05 08:26:59.365 CET" Interest="3.0" Kind="selection" Navigation="null" OriginId="org.eclipse.jdt.ui.CompilationUnitEditor" StartDate="2018-11-05 08:23:59.360 CET" StructureHandle="=PhysicsLibrary/&amp;lt;enums{SolidTable.java[SolidTable^meltEntalpy" StructureKind="java" NumEvents="3" CreationCount="2402"/><InteractionEvent Delta="null" EndDate="2018-11-05 17:35:49.140 CET" Interest="32.0" Kind="edit" Navigation="null" OriginId="org.eclipse.jdt.ui.CompilationUnitEditor" StartDate="2018-11-05 17:34:30.878 CET" StructureHandle="=PhysicsLibrary/&amp;lt;enums{SolidTable.java[SolidTable^meltEntalpy" StructureKind="java" NumEvents="32" CreationCount="2402"/><InteractionEvent Delta="null" EndDate="2018-11-05 17:36:06.578 CET" Interest="24.0" Kind="selection" Navigation="null" OriginId="org.eclipse.jdt.ui.CompilationUnitEditor" StartDate="2018-10-30 14:49:59.982 CET" StructureHandle="=PhysicsLibrary/&amp;lt;enums{GasTable.java" StructureKind="java" NumEvents="24" CreationCount="172"/><InteractionEvent Delta="null" EndDate="2018-11-03 17:04:28.2 CET" Interest="16.946999" Kind="manipulation" Navigation="null" OriginId="org.eclipse.mylyn.core.model.interest.decay.correction" StartDate="2018-11-03 16:00:14.543 CET" StructureHandle="=PhysicsLibrary/&amp;lt;enums{GasTable.java" StructureKind="java" NumEvents="2" CreationCount="172"/><InteractionEvent Delta="null" EndDate="2018-11-04 11:23:27.762 CET" Interest="55.264004" Kind="propagation" Navigation="org.eclipse.mylyn.core.model.edges.containment" OriginId="org.eclipse.mylyn.core.model.interest.propagation" StartDate="2018-11-03 17:05:12.92 CET" StructureHandle="=PhysicsLibrary/&amp;lt;enums{GasTable.java" StructureKind="java" NumEvents="88" CreationCount="172"/><InteractionEvent Delta="null" EndDate="2018-11-05 20:55:31.235 CET" Interest="1095.0" Kind="propagation" Navigation="null" OriginId="org.eclipse.jdt.ui.CompilationUnitEditor" StartDate="2018-10-29 18:08:11.134 CET" StructureHandle="/PhysicsLibrary/enums/Method_test.java" StructureKind="resource" NumEvents="1095" CreationCount="131"/><InteractionEvent Delta="null" EndDate="2018-11-04 11:05:26.474 CET" Interest="1.0" Kind="selection" Navigation="null" OriginId="org.eclipse.jdt.ui.CompilationUnitEditor" StartDate="2018-11-04 11:05:26.474 CET" StructureHandle="=PhysicsLibrary/&amp;lt;enums{GasTable.java[GasTable^NEON" StructureKind="java"/><InteractionEvent Delta="null" EndDate="2018-11-04 11:08:40.696 CET" Interest="30.0" Kind="edit" Navigation="null" OriginId="org.eclipse.jdt.ui.CompilationUnitEditor" StartDate="2018-11-04 11:06:02.502 CET" StructureHandle="=PhysicsLibrary/&amp;lt;enums{GasTable.java[GasTable^NEON" StructureKind="java" NumEvents="30" CreationCount="1873"/><InteractionEvent Delta="null" EndDate="2018-11-05 20:55:31.235 CET" Interest="3286.173" Kind="propagation" Navigation="null" OriginId="org.eclipse.jdt.ui.CompilationUnitEditor" StartDate="2018-10-26 14:57:31.580 CEST" StructureHandle="/" StructureKind="resource" NumEvents="3272" CreationCount="1"/><InteractionEvent Delta="null" EndDate="2018-11-05 20:55:31.139 CET" Interest="330.349" Kind="propagation" Navigation="org.eclipse.mylyn.core.model.edges.containment" OriginId="org.eclipse.mylyn.core.model.interest.propagation" StartDate="2018-10-26 14:57:33.462 CEST" StructureHandle="=PhysicsLibrary/" StructureKind="java" NumEvents="457" CreationCount="2"/><InteractionEvent Delta="null" EndDate="2018-11-04 11:33:59.115 CET" Interest="5.0" Kind="selection" Navigation="null" OriginId="org.eclipse.ui.views.ContentOutline" StartDate="2018-11-02 20:10:45.210 CET" StructureHandle="=PhysicsLibrary/&amp;lt;enums{Methods.java[Methods~SpringPotentialEnergy~D~D" StructureKind="java" NumEvents="5" CreationCount="630"/><InteractionEvent Delta="null" EndDate="2018-11-02 21:01:32.284 CET" Interest="100.0" Kind="edit" Navigation="null" OriginId="org.eclipse.jdt.ui.CompilationUnitEditor" StartDate="2018-11-02 20:10:59.968 CET" StructureHandle="=PhysicsLibrary/&amp;lt;enums{Methods.java[Methods~SpringPotentialEnergy~D~D" StructureKind="java" NumEvents="100" CreationCount="630"/><InteractionEvent Delta="null" EndDate="2018-11-05 17:52:14.52 CET" Interest="6.0" Kind="selection" Navigation="null" OriginId="org.eclipse.ui.views.ContentOutline" StartDate="2018-11-04 11:33:03.718 CET" StructureHandle="=PhysicsLibrary/&amp;lt;enums{Methods.java[Methods~kelvinToCelsius~D" StructureKind="java" NumEvents="6" CreationCount="2096"/><InteractionEvent Delta="null" EndDate="2018-11-05 17:38:34.217 CET" Interest="5.1400003" Kind="manipulation" Navigation="null" OriginId="org.eclipse.mylyn.core.model.interest.decay.correction" StartDate="2018-11-05 17:38:34.217 CET" StructureHandle="=PhysicsLibrary/&amp;lt;enums{Methods.java[Methods~kelvinToCelsius~D" StructureKind="java"/><InteractionEvent Delta="null" EndDate="2018-11-05 17:52:05.137 CET" Interest="24.0" Kind="edit" Navigation="null" OriginId="org.eclipse.jdt.ui.CompilationUnitEditor" StartDate="2018-11-05 17:38:35.794 CET" StructureHandle="=PhysicsLibrary/&amp;lt;enums{Methods.java[Methods~kelvinToCelsius~D" StructureKind="java" NumEvents="24" CreationCount="2096"/><InteractionEvent Delta="null" EndDate="2018-11-05 17:39:44.120 CET" Interest="3.0" Kind="selection" Navigation="null" OriginId="org.eclipse.jdt.ui.CompilationUnitEditor" StartDate="2018-11-04 11:33:06.362 CET" StructureHandle="=PhysicsLibrary/&amp;lt;enums{Methods.java[Methods~fluidPressure~QFluidTable;~D" StructureKind="java" NumEvents="3" CreationCount="2097"/><InteractionEvent Delta="null" EndDate="2018-11-05 17:39:44.120 CET" Interest="5.5480003" Kind="manipulation" Navigation="null" OriginId="org.eclipse.mylyn.core.model.interest.decay.correction" StartDate="2018-11-05 17:39:44.120 CET" StructureHandle="=PhysicsLibrary/&amp;lt;enums{Methods.java[Methods~fluidPressure~QFluidTable;~D" StructureKind="java"/><InteractionEvent Delta="null" EndDate="2018-11-05 17:40:15.49 CET" Interest="13.0" Kind="edit" Navigation="null" OriginId="org.eclipse.jdt.ui.CompilationUnitEditor" StartDate="2018-11-05 17:39:44.974 CET" StructureHandle="=PhysicsLibrary/&amp;lt;enums{Methods.java[Methods~fluidPressure~QFluidTable;~D" StructureKind="java" NumEvents="13" CreationCount="2097"/><InteractionEvent Delta="null" EndDate="2018-11-05 08:26:30.781 CET" Interest="1.0" Kind="selection" Navigation="null" OriginId="org.eclipse.jdt.ui.CompilationUnitEditor" StartDate="2018-11-05 08:26:30.781 CET" StructureHandle="=PhysicsLibrary/&amp;lt;enums{FluidTable.java[FluidTable^boilPoint" StructureKind="java"/><InteractionEvent Delta="null" EndDate="2018-11-04 11:33:39.330 CET" Interest="2.0" Kind="selection" Navigation="null" OriginId="org.eclipse.ui.views.ContentOutline" StartDate="2018-11-04 11:33:23.20 CET" StructureHandle="=PhysicsLibrary/&amp;lt;enums{Methods.java[Methods~volumeToMass~QSolidTable;~D" StructureKind="java" NumEvents="2" CreationCount="2106"/><InteractionEvent Delta="null" EndDate="2018-11-04 11:33:49.977 CET" Interest="4.0" Kind="selection" Navigation="null" OriginId="org.eclipse.ui.views.ContentOutline" StartDate="2018-11-03 17:43:03.441 CET" StructureHandle="=PhysicsLibrary/&amp;lt;enums{Methods.java[Methods~velocityToHeight~D" StructureKind="java" NumEvents="4" CreationCount="1669"/><InteractionEvent Delta="null" EndDate="2018-11-04 11:31:48.217 CET" Interest="4.474" Kind="manipulation" Navigation="null" OriginId="org.eclipse.mylyn.core.model.interest.decay.correction" StartDate="2018-11-04 11:31:48.217 CET" StructureHandle="=PhysicsLibrary/&amp;lt;enums{Methods.java[Methods~velocityToHeight~D" StructureKind="java"/><InteractionEvent Delta="null" EndDate="2018-11-04 11:32:31.84 CET" Interest="3.0" Kind="edit" Navigation="null" OriginId="org.eclipse.jdt.ui.CompilationUnitEditor" StartDate="2018-11-03 17:50:30.884 CET" StructureHandle="=PhysicsLibrary/&amp;lt;enums{Methods.java[Methods~velocityToHeight~D" StructureKind="java" NumEvents="3" CreationCount="1669"/><InteractionEvent Delta="null" EndDate="2018-11-03 16:29:53.318 CET" Interest="3.0" Kind="selection" Navigation="null" OriginId="org.eclipse.jdt.ui.CompilationUnitEditor" StartDate="2018-11-03 16:28:53.615 CET" StructureHandle="=PhysicsLibrary/&amp;lt;enums{FluidTable.java[FluidTable^GLYCEROL" StructureKind="java" NumEvents="3" CreationCount="1308"/><InteractionEvent Delta="null" EndDate="2018-11-03 16:33:25.519 CET" Interest="43.0" Kind="edit" Navigation="null" OriginId="org.eclipse.jdt.ui.CompilationUnitEditor" StartDate="2018-11-03 16:29:25.442 CET" StructureHandle="=PhysicsLibrary/&amp;lt;enums{FluidTable.java[FluidTable^GLYCEROL" StructureKind="java" NumEvents="43" CreationCount="1308"/><InteractionEvent Delta="null" EndDate="2018-11-05 17:48:09.426 CET" Interest="21.0" Kind="selection" Navigation="null" OriginId="org.eclipse.jdt.ui.CompilationUnitEditor" StartDate="2018-10-29 17:46:08.379 CET" StructureHandle="=PhysicsLibrary/&amp;lt;enums{Methods.java[Methods" StructureKind="java" NumEvents="21" CreationCount="5"/><InteractionEvent Delta="null" EndDate="2018-11-05 17:46:02.746 CET" Interest="61.0" Kind="edit" Navigation="null" OriginId="org.eclipse.jdt.ui.CompilationUnitEditor" StartDate="2018-11-02 20:21:41.133 CET" StructureHandle="=PhysicsLibrary/&amp;lt;enums{Methods.java[Methods" StructureKind="java" NumEvents="61" CreationCount="5"/><InteractionEvent Delta="null" EndDate="2018-11-02 21:01:32.284 CET" Interest="76.225006" Kind="propagation" Navigation="org.eclipse.mylyn.core.model.edges.containment" OriginId="org.eclipse.mylyn.core.model.interest.propagation" StartDate="2018-10-29 17:46:07.468 CET" StructureHandle="=PhysicsLibrary/&amp;lt;enums{Methods.java[Methods" StructureKind="java" NumEvents="110" CreationCount="5"/><InteractionEvent Delta="null" EndDate="2018-11-05 08:12:23.807 CET" Interest="1.0" Kind="selection" Navigation="null" OriginId="org.eclipse.jdt.ui.CompilationUnitEditor" StartDate="2018-11-05 08:12:23.807 CET" StructureHandle="=PhysicsLibrary/&amp;lt;enums{SolidTable.java[SolidTable^COPPER" StructureKind="java"/><InteractionEvent Delta="null" EndDate="2018-11-05 08:14:52.508 CET" Interest="32.0" Kind="edit" Navigation="null" OriginId="org.eclipse.jdt.ui.CompilationUnitEditor" StartDate="2018-11-05 08:12:41.788 CET" StructureHandle="=PhysicsLibrary/&amp;lt;enums{SolidTable.java[SolidTable^COPPER" StructureKind="java" NumEvents="32" CreationCount="2305"/><InteractionEvent Delta="null" EndDate="2018-11-02 20:10:29.487 CET" Interest="4.0" Kind="selection" Navigation="null" OriginId="org.eclipse.jdt.ui.CompilationUnitEditor" StartDate="2018-10-29 17:46:10.953 CET" StructureHandle="=PhysicsLibrary/&amp;lt;enums{Methods.java[Methods~MassEnergyEquivalence~D" StructureKind="java" NumEvents="4" CreationCount="7"/><InteractionEvent Delta="null" EndDate="2018-11-02 20:10:40.83 CET" Interest="46.0" Kind="edit" Navigation="null" OriginId="org.eclipse.jdt.ui.CompilationUnitEditor" StartDate="2018-10-29 17:46:18.133 CET" StructureHandle="=PhysicsLibrary/&amp;lt;enums{Methods.java[Methods~MassEnergyEquivalence~D" StructureKind="java" NumEvents="46" CreationCount="7"/><InteractionEvent Delta="null" EndDate="2018-11-03 17:04:28.2 CET" Interest="16.964" Kind="manipulation" Navigation="null" OriginId="org.eclipse.mylyn.core.model.interest.decay.correction" StartDate="2018-11-03 16:00:14.543 CET" StructureHandle="/PhysicsLibrary/enums/GasTable.java" StructureKind="resource" NumEvents="2" CreationCount="172"/><InteractionEvent Delta="null" EndDate="2018-11-05 17:36:06.723 CET" Interest="478.0" Kind="propagation" Navigation="null" OriginId="org.eclipse.jdt.ui.CompilationUnitEditor" StartDate="2018-10-30 14:49:59.982 CET" StructureHandle="/PhysicsLibrary/enums/GasTable.java" StructureKind="resource" NumEvents="478" CreationCount="172"/><InteractionEvent Delta="null" EndDate="2018-11-05 17:53:45.769 CET" Interest="2.0" Kind="selection" Navigation="null" OriginId="org.eclipse.jdt.ui.CompilationUnitEditor" StartDate="2018-11-04 11:33:49.230 CET" StructureHandle="=PhysicsLibrary/&amp;lt;enums{Methods.java[Methods~heat~QGasTable;~D~D" StructureKind="java" NumEvents="2" CreationCount="1571"/><InteractionEvent Delta="null" EndDate="2018-11-05 17:53:45.769 CET" Interest="20.420002" Kind="manipulation" Navigation="null" OriginId="org.eclipse.mylyn.core.model.interest.decay.correction" StartDate="2018-11-05 17:53:45.769 CET" StructureHandle="=PhysicsLibrary/&amp;lt;enums{Methods.java[Methods~heat~QGasTable;~D~D" StructureKind="java"/><InteractionEvent Delta="null" EndDate="2018-11-05 17:53:51.818 CET" Interest="3.0" Kind="edit" Navigation="null" OriginId="org.eclipse.jdt.ui.CompilationUnitEditor" StartDate="2018-11-05 17:53:47.883 CET" StructureHandle="=PhysicsLibrary/&amp;lt;enums{Methods.java[Methods~heat~QGasTable;~D~D" StructureKind="java" NumEvents="3" CreationCount="1571"/><InteractionEvent Delta="null" EndDate="2018-11-03 16:47:33.296 CET" Interest="3.0" Kind="selection" Navigation="null" OriginId="org.eclipse.jdt.ui.CompilationUnitEditor" StartDate="2018-11-03 16:33:59.188 CET" StructureHandle="=PhysicsLibrary/&amp;lt;enums{FluidTable.java[FluidTable^TURPENTINE" StructureKind="java" NumEvents="3" CreationCount="1366"/><InteractionEvent Delta="null" EndDate="2018-11-03 16:44:07.475 CET" Interest="43.0" Kind="edit" Navigation="null" OriginId="org.eclipse.jdt.ui.CompilationUnitEditor" StartDate="2018-11-03 16:34:29.605 CET" StructureHandle="=PhysicsLibrary/&amp;lt;enums{FluidTable.java[FluidTable^TURPENTINE" StructureKind="java" NumEvents="43" CreationCount="1366"/><InteractionEvent Delta="null" EndDate="2018-11-05 08:25:20.984 CET" Interest="2.0" Kind="selection" Navigation="null" OriginId="org.eclipse.jdt.ui.CompilationUnitEditor" StartDate="2018-11-05 08:25:08.400 CET" StructureHandle="=PhysicsLibrary/&amp;lt;enums{SolidTable.java[SolidTable^heatCapacity" StructureKind="java" NumEvents="2" CreationCount="2427"/><InteractionEvent Delta="null" EndDate="2018-11-05 08:25:56.442 CET" Interest="5.0" Kind="edit" Navigation="null" OriginId="org.eclipse.jdt.ui.CompilationUnitEditor" StartDate="2018-11-05 08:25:25.350 CET" StructureHandle="=PhysicsLibrary/&amp;lt;enums{SolidTable.java[SolidTable^heatCapacity" StructureKind="java" NumEvents="5" CreationCount="2427"/><InteractionEvent Delta="null" EndDate="2018-11-05 08:09:58.242 CET" Interest="1.0" Kind="selection" Navigation="null" OriginId="org.eclipse.jdt.ui.CompilationUnitEditor" StartDate="2018-11-05 08:09:58.242 CET" StructureHandle="=PhysicsLibrary/&amp;lt;enums{SolidTable.java[SolidTable^SILVER" StructureKind="java"/><InteractionEvent Delta="null" EndDate="2018-11-05 08:12:02.379 CET" Interest="28.0" Kind="edit" Navigation="null" OriginId="org.eclipse.jdt.ui.CompilationUnitEditor" StartDate="2018-11-05 08:10:17.683 CET" StructureHandle="=PhysicsLibrary/&amp;lt;enums{SolidTable.java[SolidTable^SILVER" StructureKind="java" NumEvents="28" CreationCount="2274"/><InteractionEvent Delta="null" EndDate="2018-11-05 18:01:23.765 CET" Interest="2.0" Kind="selection" Navigation="null" OriginId="org.eclipse.jdt.ui.CompilationUnitEditor" StartDate="2018-10-30 16:17:32.137 CET" StructureHandle="=PhysicsLibrary/&amp;lt;enums{Method_test.java[Method_test^df" StructureKind="java" NumEvents="2" CreationCount="1620"/><InteractionEvent Delta="null" EndDate="2018-11-05 18:01:23.765 CET" Interest="21.049002" Kind="manipulation" Navigation="null" OriginId="org.eclipse.mylyn.core.model.interest.decay.correction" StartDate="2018-11-05 18:01:23.765 CET" StructureHandle="=PhysicsLibrary/&amp;lt;enums{Method_test.java[Method_test^df" StructureKind="java"/><InteractionEvent Delta="null" EndDate="2018-11-05 20:27:21.665 CET" Interest="13.0" Kind="edit" Navigation="null" OriginId="org.eclipse.jdt.ui.CompilationUnitEditor" StartDate="2018-11-05 18:01:25.89 CET" StructureHandle="=PhysicsLibrary/&amp;lt;enums{Method_test.java[Method_test^df" StructureKind="java" NumEvents="13" CreationCount="1620"/><InteractionEvent Delta="null" EndDate="2018-11-03 16:07:42.724 CET" Interest="1.0" Kind="selection" Navigation="null" OriginId="org.eclipse.jdt.ui.CompilationUnitEditor" StartDate="2018-11-03 16:07:42.724 CET" StructureHandle="=PhysicsLibrary/&amp;lt;enums{FluidTable.java[FluidTable^ETHANOL" StructureKind="java"/><InteractionEvent Delta="null" EndDate="2018-11-03 16:12:55.442 CET" Interest="53.0" Kind="edit" Navigation="null" OriginId="org.eclipse.jdt.ui.CompilationUnitEditor" StartDate="2018-11-03 16:09:53.888 CET" StructureHandle="=PhysicsLibrary/&amp;lt;enums{FluidTable.java[FluidTable^ETHANOL" StructureKind="java" NumEvents="53" CreationCount="1146"/><InteractionEvent Delta="null" EndDate="2018-11-04 10:53:49.274 CET" Interest="4.0" Kind="selection" Navigation="null" OriginId="org.eclipse.jdt.ui.CompilationUnitEditor" StartDate="2018-11-03 17:25:14.834 CET" StructureHandle="=PhysicsLibrary/&amp;lt;enums{GasTable.java[GasTable^NITROGEN" StructureKind="java" NumEvents="4" CreationCount="1655"/><InteractionEvent Delta="null" EndDate="2018-11-04 10:54:09.207 CET" Interest="64.0" Kind="edit" Navigation="null" OriginId="org.eclipse.jdt.ui.CompilationUnitEditor" StartDate="2018-11-03 17:28:34.884 CET" StructureHandle="=PhysicsLibrary/&amp;lt;enums{GasTable.java[GasTable^NITROGEN" StructureKind="java" NumEvents="64" CreationCount="1655"/><InteractionEvent Delta="null" EndDate="2018-11-05 17:40:15.685 CET" Interest="3.0" Kind="selection" Navigation="null" OriginId="org.eclipse.jdt.ui.CompilationUnitEditor" StartDate="2018-11-04 11:33:07.682 CET" StructureHandle="=PhysicsLibrary/&amp;lt;enums{Methods.java[Methods~pressureUnderWater~D" StructureKind="java" NumEvents="3" CreationCount="2098"/><InteractionEvent Delta="null" EndDate="2018-11-05 17:40:15.685 CET" Interest="5.7690005" Kind="manipulation" Navigation="null" OriginId="org.eclipse.mylyn.core.model.interest.decay.correction" StartDate="2018-11-05 17:40:15.685 CET" StructureHandle="=PhysicsLibrary/&amp;lt;enums{Methods.java[Methods~pressureUnderWater~D" StructureKind="java"/><InteractionEvent Delta="null" EndDate="2018-11-05 17:40:56.922 CET" Interest="15.0" Kind="edit" Navigation="null" OriginId="org.eclipse.jdt.ui.CompilationUnitEditor" StartDate="2018-11-05 17:40:21.635 CET" StructureHandle="=PhysicsLibrary/&amp;lt;enums{Methods.java[Methods~pressureUnderWater~D" StructureKind="java" NumEvents="15" CreationCount="2098"/><InteractionEvent Delta="null" EndDate="2018-11-05 20:40:55.481 CET" Interest="13.0" Kind="selection" Navigation="null" OriginId="org.eclipse.jdt.ui.CompilationUnitEditor" StartDate="2018-10-30 19:54:27.563 CET" StructureHandle="=PhysicsLibrary/&amp;lt;enums{Method_test.java[Method_test" StructureKind="java" NumEvents="13" CreationCount="1803"/><InteractionEvent Delta="null" EndDate="2018-11-05 20:40:56.574 CET" Interest="12.0" Kind="edit" Navigation="null" OriginId="org.eclipse.jdt.ui.CompilationUnitEditor" StartDate="2018-11-05 20:35:22.668 CET" StructureHandle="=PhysicsLibrary/&amp;lt;enums{Method_test.java[Method_test" StructureKind="java" NumEvents="12" CreationCount="1803"/><InteractionEvent Delta="null" EndDate="2018-11-02 20:16:35.882 CET" Interest="276.332" Kind="propagation" Navigation="org.eclipse.mylyn.core.model.edges.containment" OriginId="org.eclipse.mylyn.core.model.interest.propagation" StartDate="2018-10-30 12:10:47.266 CET" StructureHandle="=PhysicsLibrary/&amp;lt;enums{Method_test.java[Method_test" StructureKind="java" NumEvents="391" CreationCount="438"/><InteractionEvent Delta="null" EndDate="2018-11-05 17:37:17.774 CET" Interest="1.0" Kind="selection" Navigation="null" OriginId="org.eclipse.jdt.ui.CompilationUnitEditor" StartDate="2018-11-05 17:37:17.774 CET" StructureHandle="=PhysicsLibrary/&amp;lt;enums{Methods.java[Methods^c" StructureKind="java"/><InteractionEvent Delta="null" EndDate="2018-11-05 08:15:07.864 CET" Interest="1.0" Kind="selection" Navigation="null" OriginId="org.eclipse.jdt.ui.CompilationUnitEditor" StartDate="2018-11-05 08:15:07.864 CET" StructureHandle="=PhysicsLibrary/&amp;lt;enums{SolidTable.java[SolidTable^LEAD" StructureKind="java"/><InteractionEvent Delta="null" EndDate="2018-11-05 08:19:01.30 CET" Interest="30.0" Kind="edit" Navigation="null" OriginId="org.eclipse.jdt.ui.CompilationUnitEditor" StartDate="2018-11-05 08:15:37.712 CET" StructureHandle="=PhysicsLibrary/&amp;lt;enums{SolidTable.java[SolidTable^LEAD" StructureKind="java" NumEvents="30" CreationCount="2340"/><InteractionEvent Delta="null" EndDate="2018-11-04 11:02:12.92 CET" Interest="3.0" Kind="selection" Navigation="null" OriginId="org.eclipse.jdt.ui.CompilationUnitEditor" StartDate="2018-11-04 10:54:19.994 CET" StructureHandle="=PhysicsLibrary/&amp;lt;enums{GasTable.java[GasTable^CHLORINE" StructureKind="java" NumEvents="3" CreationCount="1754"/><InteractionEvent Delta="null" EndDate="2018-11-04 11:02:38.764 CET" Interest="52.0" Kind="edit" Navigation="null" OriginId="org.eclipse.jdt.ui.CompilationUnitEditor" StartDate="2018-11-04 10:55:30.647 CET" StructureHandle="=PhysicsLibrary/&amp;lt;enums{GasTable.java[GasTable^CHLORINE" StructureKind="java" NumEvents="52" CreationCount="1754"/><InteractionEvent Delta="null" EndDate="2018-11-04 10:56:25.56 CET" Interest="5.0" Kind="selection" Navigation="null" OriginId="org.eclipse.jdt.ui.CompilationUnitEditor" StartDate="2018-11-03 17:15:06.964 CET" StructureHandle="=PhysicsLibrary/&amp;lt;enums{GasTable.java[GasTable^OXYGEN" StructureKind="java" NumEvents="5" CreationCount="1553"/><InteractionEvent Delta="null" EndDate="2018-11-04 10:56:51.52 CET" Interest="37.0" Kind="edit" Navigation="null" OriginId="org.eclipse.jdt.ui.CompilationUnitEditor" StartDate="2018-11-03 17:15:46.438 CET" StructureHandle="=PhysicsLibrary/&amp;lt;enums{GasTable.java[GasTable^OXYGEN" StructureKind="java" NumEvents="37" CreationCount="1553"/><InteractionEvent Delta="null" EndDate="2018-10-26 14:57:31.579 CEST" Interest="1.0" Kind="selection" Navigation="null" OriginId="org.eclipse.jdt.ui.PackageExplorer" StartDate="2018-10-26 14:57:31.579 CEST" StructureHandle="=PhysicsLibrary" StructureKind="java"/><InteractionEvent Delta="null" EndDate="2018-11-05 20:55:31.235 CET" Interest="3234.289" Kind="propagation" Navigation="org.eclipse.mylyn.core.model.edges.containment" OriginId="org.eclipse.mylyn.core.model.interest.propagation" StartDate="2018-10-26 14:57:33.462 CEST" StructureHandle="=PhysicsLibrary" StructureKind="resource" NumEvents="3242" CreationCount="1986"/><InteractionEvent Delta="null" EndDate="2018-11-05 17:52:14.229 CET" Interest="3.0" Kind="selection" Navigation="null" OriginId="org.eclipse.ui.views.ContentOutline" StartDate="2018-11-04 11:33:46.223 CET" StructureHandle="=PhysicsLibrary/&amp;lt;enums{Methods.java[Methods~heat~QSolidTable;~D~D" StructureKind="java" NumEvents="3" CreationCount="1987"/><InteractionEvent Delta="null" EndDate="2018-11-05 17:50:39.101 CET" Interest="12.277" Kind="manipulation" Navigation="null" OriginId="org.eclipse.mylyn.core.model.interest.decay.correction" StartDate="2018-11-05 17:50:39.101 CET" StructureHandle="=PhysicsLibrary/&amp;lt;enums{Methods.java[Methods~heat~QSolidTable;~D~D" StructureKind="java"/><InteractionEvent Delta="null" EndDate="2018-11-05 17:53:16.472 CET" Interest="48.0" Kind="edit" Navigation="null" OriginId="org.eclipse.jdt.ui.CompilationUnitEditor" StartDate="2018-11-05 17:50:43.334 CET" StructureHandle="=PhysicsLibrary/&amp;lt;enums{Methods.java[Methods~heat~QSolidTable;~D~D" StructureKind="java" NumEvents="48" CreationCount="1987"/><InteractionEvent Delta="null" EndDate="2018-11-05 20:55:31.235 CET" Interest="3270.017" Kind="propagation" Navigation="null" OriginId="org.eclipse.jdt.ui.CompilationUnitEditor" StartDate="2018-10-26 14:57:33.462 CEST" StructureHandle="/PhysicsLibrary/enums" StructureKind="resource" NumEvents="3271" CreationCount="2"/><InteractionEvent Delta="null" EndDate="2018-11-05 17:58:16.843 CET" Interest="11.0" Kind="selection" Navigation="null" OriginId="org.eclipse.jdt.ui.CompilationUnitEditor" StartDate="2018-10-29 17:53:57.237 CET" StructureHandle="=PhysicsLibrary/&amp;lt;enums{Methods.java[Methods~arkimedesPrinciple~QGasTable;~D" StructureKind="java" NumEvents="11" CreationCount="108"/><InteractionEvent Delta="null" EndDate="2018-11-05 17:58:16.843 CET" Interest="29.268002" Kind="manipulation" Navigation="null" OriginId="org.eclipse.mylyn.core.model.interest.decay.correction" StartDate="2018-11-04 11:34:00.736 CET" StructureHandle="=PhysicsLibrary/&amp;lt;enums{Methods.java[Methods~arkimedesPrinciple~QGasTable;~D" StructureKind="java" NumEvents="2" CreationCount="108"/><InteractionEvent Delta="null" EndDate="2018-11-05 17:58:18.688 CET" Interest="14.0" Kind="edit" Navigation="null" OriginId="org.eclipse.jdt.ui.CompilationUnitEditor" StartDate="2018-10-29 17:53:59.38 CET" StructureHandle="=PhysicsLibrary/&amp;lt;enums{Methods.java[Methods~arkimedesPrinciple~QGasTable;~D" StructureKind="java" NumEvents="14" CreationCount="108"/><InteractionEvent Delta="null" EndDate="2018-11-05 08:26:37.557 CET" Interest="2.0" Kind="selection" Navigation="null" OriginId="org.eclipse.jdt.ui.CompilationUnitEditor" StartDate="2018-11-05 08:25:58.655 CET" StructureHandle="=PhysicsLibrary/&amp;lt;enums{SolidTable.java[SolidTable^meltPoint" StructureKind="java" NumEvents="2" CreationCount="2439"/><InteractionEvent Delta="null" EndDate="2018-11-05 08:26:44.992 CET" Interest="2.0" Kind="edit" Navigation="null" OriginId="org.eclipse.jdt.ui.CompilationUnitEditor" StartDate="2018-11-05 08:26:40.932 CET" StructureHandle="=PhysicsLibrary/&amp;lt;enums{SolidTable.java[SolidTable^meltPoint" StructureKind="java" NumEvents="2" CreationCount="2439"/><InteractionEvent Delta="null" EndDate="2018-11-05 20:35:25.501 CET" Interest="5.0" Kind="selection" Navigation="null" OriginId="org.eclipse.jdt.ui.CompilationUnitEditor" StartDate="2018-10-30 16:17:20.963 CET" StructureHandle="=PhysicsLibrary/&amp;lt;enums{Method_test.java[Method_test~queryLoop" StructureKind="java" NumEvents="5" CreationCount="278"/><InteractionEvent Delta="null" EndDate="2018-11-05 20:35:25.501 CET" Interest="37.207" Kind="manipulation" Navigation="null" OriginId="org.eclipse.mylyn.core.model.interest.decay.correction" StartDate="2018-11-02 20:58:47.158 CET" StructureHandle="=PhysicsLibrary/&amp;lt;enums{Method_test.java[Method_test~queryLoop" StructureKind="java" NumEvents="3" CreationCount="278"/><InteractionEvent Delta="null" EndDate="2018-11-05 20:36:47.434 CET" Interest="38.0" Kind="edit" Navigation="null" OriginId="org.eclipse.jdt.ui.CompilationUnitEditor" StartDate="2018-10-30 16:17:24.430 CET" StructureHandle="=PhysicsLibrary/&amp;lt;enums{Method_test.java[Method_test~queryLoop" StructureKind="java" NumEvents="38" CreationCount="278"/><InteractionEvent Delta="null" EndDate="2018-11-04 10:56:51.688 CET" Interest="2.0" Kind="selection" Navigation="null" OriginId="org.eclipse.jdt.ui.CompilationUnitEditor" StartDate="2018-11-03 17:22:33.692 CET" StructureHandle="=PhysicsLibrary/&amp;lt;enums{GasTable.java[GasTable^CARBON_DIOXIDE" StructureKind="java" NumEvents="2" CreationCount="1615"/><InteractionEvent Delta="null" EndDate="2018-11-03 17:24:55.556 CET" Interest="37.0" Kind="edit" Navigation="null" OriginId="org.eclipse.jdt.ui.CompilationUnitEditor" StartDate="2018-11-03 17:22:54.308 CET" StructureHandle="=PhysicsLibrary/&amp;lt;enums{GasTable.java[GasTable^CARBON_DIOXIDE" StructureKind="java" NumEvents="37" CreationCount="1615"/><InteractionEvent Delta="null" EndDate="2018-11-04 11:23:45.478 CET" Interest="2.0" Kind="selection" Navigation="null" OriginId="org.eclipse.jdt.ui.CompilationUnitEditor" StartDate="2018-11-04 11:20:41.405 CET" StructureHandle="=PhysicsLibrary/&amp;lt;enums{FluidTable.java[FluidTable^heatCapacity" StructureKind="java" NumEvents="2" CreationCount="1937"/><InteractionEvent Delta="null" EndDate="2018-11-04 11:20:49.472 CET" Interest="3.0" Kind="edit" Navigation="null" OriginId="org.eclipse.jdt.ui.CompilationUnitEditor" StartDate="2018-11-04 11:20:42.538 CET" StructureHandle="=PhysicsLibrary/&amp;lt;enums{FluidTable.java[FluidTable^heatCapacity" StructureKind="java" NumEvents="3" CreationCount="1937"/><InteractionEvent Delta="null" EndDate="2018-11-04 11:24:57.619 CET" Interest="26.634" Kind="manipulation" Navigation="null" OriginId="org.eclipse.mylyn.core.model.interest.decay.correction" StartDate="2018-11-03 16:00:23.605 CET" StructureHandle="/PhysicsLibrary/enums/SolidTable.java" StructureKind="resource" NumEvents="2" CreationCount="181"/><InteractionEvent Delta="null" EndDate="2018-11-05 17:35:49.141 CET" Interest="397.0" Kind="propagation" Navigation="null" OriginId="org.eclipse.jdt.ui.CompilationUnitEditor" StartDate="2018-10-30 14:50:20.967 CET" StructureHandle="/PhysicsLibrary/enums/SolidTable.java" StructureKind="resource" NumEvents="397" CreationCount="181"/><InteractionEvent Delta="null" EndDate="2018-11-05 17:36:10.38 CET" Interest="19.0" Kind="selection" Navigation="null" OriginId="org.eclipse.jdt.ui.CompilationUnitEditor" StartDate="2018-10-30 14:50:11.977 CET" StructureHandle="=PhysicsLibrary/&amp;lt;enums{FluidTable.java" StructureKind="java" NumEvents="19" CreationCount="179"/><InteractionEvent Delta="null" EndDate="2018-11-03 16:00:10.25 CET" Interest="13.368001" Kind="manipulation" Navigation="null" OriginId="org.eclipse.mylyn.core.model.interest.decay.correction" StartDate="2018-11-03 16:00:10.25 CET" StructureHandle="=PhysicsLibrary/&amp;lt;enums{FluidTable.java" StructureKind="java"/><InteractionEvent Delta="null" EndDate="2018-11-03 16:47:30.950 CET" Interest="46.371" Kind="propagation" Navigation="org.eclipse.mylyn.core.model.edges.containment" OriginId="org.eclipse.mylyn.core.model.interest.propagation" StartDate="2018-11-03 16:00:45.977 CET" StructureHandle="=PhysicsLibrary/&amp;lt;enums{FluidTable.java" StructureKind="java" NumEvents="68" CreationCount="179"/><InteractionEvent Delta="null" EndDate="2018-11-05 08:25:12.76 CET" Interest="5.0" Kind="selection" Navigation="null" OriginId="org.eclipse.jdt.ui.CompilationUnitEditor" StartDate="2018-11-04 11:15:00.121 CET" StructureHandle="=PhysicsLibrary/&amp;lt;enums{GasTable.java[GasTable^density" StructureKind="java" NumEvents="5" CreationCount="1906"/><InteractionEvent Delta="null" EndDate="2018-11-04 11:16:01.254 CET" Interest="16.0" Kind="edit" Navigation="null" OriginId="org.eclipse.jdt.ui.CompilationUnitEditor" StartDate="2018-11-04 11:15:20.753 CET" StructureHandle="=PhysicsLibrary/&amp;lt;enums{GasTable.java[GasTable^density" StructureKind="java" NumEvents="16" CreationCount="1906"/><InteractionEvent Delta="null" EndDate="2018-11-05 08:24:25.587 CET" Interest="1.0" Kind="selection" Navigation="null" OriginId="org.eclipse.jdt.ui.CompilationUnitEditor" StartDate="2018-11-05 08:24:25.587 CET" StructureHandle="=PhysicsLibrary/&amp;lt;enums{SolidTable.java[SolidTable^density" StructureKind="java"/><InteractionEvent Delta="null" EndDate="2018-11-05 08:25:05.708 CET" Interest="11.0" Kind="edit" Navigation="null" OriginId="org.eclipse.jdt.ui.CompilationUnitEditor" StartDate="2018-11-05 08:24:27.91 CET" StructureHandle="=PhysicsLibrary/&amp;lt;enums{SolidTable.java[SolidTable^density" StructureKind="java" NumEvents="11" CreationCount="2414"/><InteractionEvent Delta="null" EndDate="2018-11-05 17:36:16.495 CET" Interest="21.0" Kind="selection" Navigation="null" OriginId="org.eclipse.jdt.ui.CompilationUnitEditor" StartDate="2018-10-26 14:57:36.396 CEST" StructureHandle="=PhysicsLibrary/&amp;lt;enums{Methods.java" StructureKind="java" NumEvents="21" CreationCount="3"/><InteractionEvent Delta="null" EndDate="2018-11-05 17:48:09.426 CET" Interest="118.95901" Kind="propagation" Navigation="org.eclipse.mylyn.core.model.edges.containment" OriginId="org.eclipse.mylyn.core.model.interest.propagation" StartDate="2018-10-29 17:46:19.912 CET" StructureHandle="=PhysicsLibrary/&amp;lt;enums{Methods.java" StructureKind="java" NumEvents="171" CreationCount="3"/><InteractionEvent Delta="null" EndDate="2018-11-04 11:00:24.134 CET" Interest="6.0" Kind="selection" Navigation="null" OriginId="org.eclipse.jdt.ui.CompilationUnitEditor" StartDate="2018-11-03 16:44:23.991 CET" StructureHandle="=PhysicsLibrary/&amp;lt;enums{FluidTable.java[FluidTable^CARBON_TETRACHLORIDE" StructureKind="java" NumEvents="6" CreationCount="1416"/><InteractionEvent Delta="null" EndDate="2018-11-03 16:49:06.919 CET" Interest="43.0" Kind="edit" Navigation="null" OriginId="org.eclipse.jdt.ui.CompilationUnitEditor" StartDate="2018-11-03 16:46:05.993 CET" StructureHandle="=PhysicsLibrary/&amp;lt;enums{FluidTable.java[FluidTable^CARBON_TETRACHLORIDE" StructureKind="java" NumEvents="43" CreationCount="1416"/><InteractionEvent Delta="null" EndDate="2018-11-04 11:57:34.528 CET" Interest="3.0" Kind="selection" Navigation="null" OriginId="org.eclipse.jdt.ui.CompilationUnitEditor" StartDate="2018-11-04 11:30:50.475 CET" StructureHandle="=PhysicsLibrary/&amp;lt;enums{SolidTable.java[SolidTable^IRON" StructureKind="java" NumEvents="3" CreationCount="2089"/><InteractionEvent Delta="null" EndDate="2018-11-04 11:57:55.146 CET" Interest="30.0" Kind="edit" Navigation="null" OriginId="org.eclipse.jdt.ui.CompilationUnitEditor" StartDate="2018-11-04 11:31:01.902 CET" StructureHandle="=PhysicsLibrary/&amp;lt;enums{SolidTable.java[SolidTable^IRON" StructureKind="java" NumEvents="30" CreationCount="2089"/><InteractionEvent Delta="null" EndDate="2018-11-05 17:44:49.781 CET" Interest="3.0" Kind="selection" Navigation="null" OriginId="org.eclipse.ui.views.ContentOutline" StartDate="2018-11-04 11:33:12.937 CET" StructureHandle="=PhysicsLibrary/&amp;lt;enums{Methods.java[Methods~fallSpeed~D" StructureKind="java" NumEvents="3" CreationCount="2101"/><InteractionEvent Delta="null" EndDate="2018-11-05 17:44:49.781 CET" Interest="7.0950003" Kind="manipulation" Navigation="null" OriginId="org.eclipse.mylyn.core.model.interest.decay.correction" StartDate="2018-11-05 17:44:49.781 CET" StructureHandle="=PhysicsLibrary/&amp;lt;enums{Methods.java[Methods~fallSpeed~D" StructureKind="java"/><InteractionEvent Delta="null" EndDate="2018-11-05 17:44:53.369 CET" Interest="3.0" Kind="edit" Navigation="null" OriginId="org.eclipse.jdt.ui.CompilationUnitEditor" StartDate="2018-11-05 17:44:52.721 CET" StructureHandle="=PhysicsLibrary/&amp;lt;enums{Methods.java[Methods~fallSpeed~D" StructureKind="java" NumEvents="3" CreationCount="2101"/><InteractionEvent Delta="null" EndDate="2018-11-05 17:44:49.562 CET" Interest="4.0" Kind="selection" Navigation="null" OriginId="org.eclipse.ui.views.ContentOutline" StartDate="2018-11-04 11:33:10.954 CET" StructureHandle="=PhysicsLibrary/&amp;lt;enums{Methods.java[Methods~potentialEnergy~D~D" StructureKind="java" NumEvents="4" CreationCount="2100"/><InteractionEvent Delta="null" EndDate="2018-11-05 17:42:45.778 CET" Interest="6.5510006" Kind="manipulation" Navigation="null" OriginId="org.eclipse.mylyn.core.model.interest.decay.correction" StartDate="2018-11-05 17:42:45.778 CET" StructureHandle="=PhysicsLibrary/&amp;lt;enums{Methods.java[Methods~potentialEnergy~D~D" StructureKind="java"/><InteractionEvent Delta="null" EndDate="2018-11-05 17:44:03.274 CET" Interest="31.0" Kind="edit" Navigation="null" OriginId="org.eclipse.jdt.ui.CompilationUnitEditor" StartDate="2018-11-05 17:42:46.726 CET" StructureHandle="=PhysicsLibrary/&amp;lt;enums{Methods.java[Methods~potentialEnergy~D~D" StructureKind="java" NumEvents="31" CreationCount="2100"/><InteractionEvent Delta="null" EndDate="2018-11-05 17:36:10.138 CET" Interest="6.0" Kind="selection" Navigation="null" OriginId="org.eclipse.jdt.ui.CompilationUnitEditor" StartDate="2018-11-03 16:29:17.607 CET" StructureHandle="=PhysicsLibrary/&amp;lt;enums{FluidTable.java[FluidTable^meltPoint" StructureKind="java" NumEvents="6" CreationCount="1311"/><InteractionEvent Delta="null" EndDate="2018-11-05 08:26:35.77 CET" Interest="16.278002" Kind="manipulation" Navigation="null" OriginId="org.eclipse.mylyn.core.model.interest.decay.correction" StartDate="2018-11-04 11:20:39.680 CET" StructureHandle="=PhysicsLibrary/&amp;lt;enums{FluidTable.java[FluidTable^meltPoint" StructureKind="java" NumEvents="2" CreationCount="1311"/><InteractionEvent Delta="null" EndDate="2018-11-03 16:15:58.555 CET" Interest="1.0" Kind="selection" Navigation="null" OriginId="org.eclipse.jdt.ui.CompilationUnitEditor" StartDate="2018-11-03 16:15:58.555 CET" StructureHandle="=PhysicsLibrary/&amp;lt;enums{Methods.java[Methods^G" StructureKind="java"/><InteractionEvent Delta="null" EndDate="2018-11-04 11:33:36.581 CET" Interest="2.0" Kind="selection" Navigation="null" OriginId="org.eclipse.ui.views.ContentOutline" StartDate="2018-11-04 11:33:16.219 CET" StructureHandle="=PhysicsLibrary/&amp;lt;enums{Methods.java[Methods~volumeToMass~QFluidTable;~D" StructureKind="java" NumEvents="2" CreationCount="2103"/><InteractionEvent Delta="null" EndDate="2018-11-03 16:05:29.349 CET" Interest="1.0" Kind="selection" Navigation="null" OriginId="org.eclipse.jdt.ui.CompilationUnitEditor" StartDate="2018-11-03 16:05:29.349 CET" StructureHandle="=PhysicsLibrary/&amp;lt;enums{FluidTable.java[FluidTable^SULFURIC_ACID" StructureKind="java"/><InteractionEvent Delta="null" EndDate="2018-11-03 16:07:28.593 CET" Interest="34.0" Kind="edit" Navigation="null" OriginId="org.eclipse.jdt.ui.CompilationUnitEditor" StartDate="2018-11-03 16:05:47.559 CET" StructureHandle="=PhysicsLibrary/&amp;lt;enums{FluidTable.java[FluidTable^SULFURIC_ACID" StructureKind="java" NumEvents="34" CreationCount="1109"/><InteractionEvent Delta="null" EndDate="2018-11-05 17:46:35.35 CET" Interest="2.0" Kind="selection" Navigation="null" OriginId="org.eclipse.jdt.ui.CompilationUnitEditor" StartDate="2018-11-04 11:33:43.591 CET" StructureHandle="=PhysicsLibrary/&amp;lt;enums{Methods.java[Methods~svtTime~D~D" StructureKind="java" NumEvents="2" CreationCount="989"/><InteractionEvent Delta="null" EndDate="2018-11-05 17:46:35.35 CET" Interest="27.730001" Kind="manipulation" Navigation="null" OriginId="org.eclipse.mylyn.core.model.interest.decay.correction" StartDate="2018-11-05 17:46:35.35 CET" StructureHandle="=PhysicsLibrary/&amp;lt;enums{Methods.java[Methods~svtTime~D~D" StructureKind="java"/><InteractionEvent Delta="null" EndDate="2018-11-05 17:47:04.419 CET" Interest="17.0" Kind="edit" Navigation="null" OriginId="org.eclipse.jdt.ui.CompilationUnitEditor" StartDate="2018-11-05 17:46:37.819 CET" StructureHandle="=PhysicsLibrary/&amp;lt;enums{Methods.java[Methods~svtTime~D~D" StructureKind="java" NumEvents="17" CreationCount="989"/><InteractionEvent Delta="null" EndDate="2018-11-05 17:37:37.786 CET" Interest="4.0" Kind="selection" Navigation="null" OriginId="org.eclipse.jdt.ui.CompilationUnitEditor" StartDate="2018-10-30 12:24:21.842 CET" StructureHandle="=PhysicsLibrary/&amp;lt;enums{Methods.java[Methods~fahrenheitToCelsius~D" StructureKind="java" NumEvents="4" CreationCount="785"/><InteractionEvent Delta="null" EndDate="2018-11-05 17:37:37.786 CET" Interest="26.138002" Kind="manipulation" Navigation="null" OriginId="org.eclipse.mylyn.core.model.interest.decay.correction" StartDate="2018-11-04 11:33:01.31 CET" StructureHandle="=PhysicsLibrary/&amp;lt;enums{Methods.java[Methods~fahrenheitToCelsius~D" StructureKind="java" NumEvents="2" CreationCount="785"/><InteractionEvent Delta="null" EndDate="2018-11-05 17:38:08.697 CET" Interest="16.0" Kind="edit" Navigation="null" OriginId="org.eclipse.jdt.ui.CompilationUnitEditor" StartDate="2018-11-05 17:37:39.179 CET" StructureHandle="=PhysicsLibrary/&amp;lt;enums{Methods.java[Methods~fahrenheitToCelsius~D" StructureKind="java" NumEvents="16" CreationCount="785"/><InteractionEvent Delta="null" EndDate="2018-11-05 17:56:05.16 CET" Interest="10.0" Kind="selection" Navigation="null" OriginId="org.eclipse.jdt.ui.CompilationUnitEditor" StartDate="2018-10-29 17:55:31.677 CET" StructureHandle="=PhysicsLibrary/&amp;lt;enums{Methods.java[Methods~hookesLaw~D~D" StructureKind="java" NumEvents="10" CreationCount="462"/><InteractionEvent Delta="null" EndDate="2018-11-05 17:56:42.141 CET" Interest="89.0" Kind="edit" Navigation="null" OriginId="org.eclipse.jdt.ui.CompilationUnitEditor" StartDate="2018-10-29 17:46:07.468 CET" StructureHandle="=PhysicsLibrary/&amp;lt;enums{Methods.java[Methods~hookesLaw~D~D" StructureKind="java" NumEvents="89" CreationCount="462"/><InteractionEvent Delta="null" EndDate="2018-11-04 11:33:52.437 CET" Interest="2.0" Kind="selection" Navigation="null" OriginId="org.eclipse.ui.views.ContentOutline" StartDate="2018-10-29 17:55:24.110 CET" StructureHandle="=PhysicsLibrary/&amp;lt;enums{Methods.java[Methods~impulse~D~D" StructureKind="java" NumEvents="2" CreationCount="788"/><InteractionEvent Delta="null" EndDate="2018-11-04 11:33:52.437 CET" Interest="21.814001" Kind="manipulation" Navigation="null" OriginId="org.eclipse.mylyn.core.model.interest.decay.correction" StartDate="2018-11-04 11:33:52.437 CET" StructureHandle="=PhysicsLibrary/&amp;lt;enums{Methods.java[Methods~impulse~D~D" StructureKind="java"/><InteractionEvent Delta="null" EndDate="2018-11-04 11:33:53.360 CET" Interest="2.0" Kind="selection" Navigation="null" OriginId="org.eclipse.ui.views.ContentOutline" StartDate="2018-10-29 17:55:25.74 CET" StructureHandle="=PhysicsLibrary/&amp;lt;enums{Methods.java[Methods~forceFromMAndA~D~D" StructureKind="java" NumEvents="2" CreationCount="792"/><InteractionEvent Delta="null" EndDate="2018-11-04 11:33:53.360 CET" Interest="21.763" Kind="manipulation" Navigation="null" OriginId="org.eclipse.mylyn.core.model.interest.decay.correction" StartDate="2018-11-04 11:33:53.360 CET" StructureHandle="=PhysicsLibrary/&amp;lt;enums{Methods.java[Methods~forceFromMAndA~D~D" StructureKind="java"/><InteractionEvent Delta="null" EndDate="2018-11-04 11:23:49.240 CET" Interest="12.0" Kind="selection" Navigation="null" OriginId="org.eclipse.jdt.ui.CompilationUnitEditor" StartDate="2018-11-03 16:00:38.992 CET" StructureHandle="=PhysicsLibrary/&amp;lt;enums{FluidTable.java[FluidTable" StructureKind="java" NumEvents="12" CreationCount="1091"/><InteractionEvent Delta="null" EndDate="2018-11-04 11:23:51.436 CET" Interest="25.0" Kind="edit" Navigation="null" OriginId="org.eclipse.jdt.ui.CompilationUnitEditor" StartDate="2018-11-03 16:00:42.798 CET" StructureHandle="=PhysicsLibrary/&amp;lt;enums{FluidTable.java[FluidTable" StructureKind="java" NumEvents="25" CreationCount="1091"/><InteractionEvent Delta="null" EndDate="2018-11-03 16:12:55.443 CET" Interest="24.434998" Kind="propagation" Navigation="org.eclipse.mylyn.core.model.edges.containment" OriginId="org.eclipse.mylyn.core.model.interest.propagation" StartDate="2018-11-03 16:06:42.725 CET" StructureHandle="=PhysicsLibrary/&amp;lt;enums{FluidTable.java[FluidTable" StructureKind="java" NumEvents="36" CreationCount="1091"/><InteractionEvent Delta="null" EndDate="2018-11-04 11:15:05.504 CET" Interest="2.0" Kind="selection" Navigation="null" OriginId="org.eclipse.jdt.ui.CompilationUnitEditor" StartDate="2018-11-04 11:01:00.750 CET" StructureHandle="=PhysicsLibrary/&amp;lt;enums{FluidTable.java[FluidTable^WATER" StructureKind="java" NumEvents="2" CreationCount="1823"/><InteractionEvent Delta="null" EndDate="2018-11-04 11:01:45.402 CET" Interest="17.0" Kind="edit" Navigation="null" OriginId="org.eclipse.jdt.ui.CompilationUnitEditor" StartDate="2018-11-04 11:01:04.899 CET" StructureHandle="=PhysicsLibrary/&amp;lt;enums{FluidTable.java[FluidTable^WATER" StructureKind="java" NumEvents="17" CreationCount="1823"/><InteractionEvent Delta="null" EndDate="2018-11-05 17:55:28.283 CET" Interest="3.0" Kind="selection" Navigation="null" OriginId="org.eclipse.jdt.ui.CompilationUnitEditor" StartDate="2018-10-29 17:55:27.497 CET" StructureHandle="=PhysicsLibrary/&amp;lt;enums{Methods.java[Methods~forceFromPAndT~D~D" StructureKind="java" NumEvents="3" CreationCount="920"/><InteractionEvent Delta="null" EndDate="2018-11-05 17:55:28.283 CET" Interest="30.980003" Kind="manipulation" Navigation="null" OriginId="org.eclipse.mylyn.core.model.interest.decay.correction" StartDate="2018-11-04 11:33:54.301 CET" StructureHandle="=PhysicsLibrary/&amp;lt;enums{Methods.java[Methods~forceFromPAndT~D~D" StructureKind="java" NumEvents="2" CreationCount="920"/><InteractionEvent Delta="null" EndDate="2018-11-05 17:55:38.896 CET" Interest="7.0" Kind="edit" Navigation="null" OriginId="org.eclipse.jdt.ui.CompilationUnitEditor" StartDate="2018-11-05 17:55:29.34 CET" StructureHandle="=PhysicsLibrary/&amp;lt;enums{Methods.java[Methods~forceFromPAndT~D~D" StructureKind="java" NumEvents="7" CreationCount="920"/><InteractionEvent Delta="null" EndDate="2018-11-05 17:53:20.156 CET" Interest="2.0" Kind="selection" Navigation="null" OriginId="org.eclipse.jdt.ui.CompilationUnitEditor" StartDate="2018-11-04 11:33:48.391 CET" StructureHandle="=PhysicsLibrary/&amp;lt;enums{Methods.java[Methods~heat~QFluidTable;~D~D" StructureKind="java" NumEvents="2" CreationCount="1294"/><InteractionEvent Delta="null" EndDate="2018-11-05 17:53:20.156 CET" Interest="24.976002" Kind="manipulation" Navigation="null" OriginId="org.eclipse.mylyn.core.model.interest.decay.correction" StartDate="2018-11-05 17:53:20.156 CET" StructureHandle="=PhysicsLibrary/&amp;lt;enums{Methods.java[Methods~heat~QFluidTable;~D~D" StructureKind="java"/><InteractionEvent Delta="null" EndDate="2018-11-05 17:53:34.454 CET" Interest="8.0" Kind="edit" Navigation="null" OriginId="org.eclipse.jdt.ui.CompilationUnitEditor" StartDate="2018-11-05 17:53:23.363 CET" StructureHandle="=PhysicsLibrary/&amp;lt;enums{Methods.java[Methods~heat~QFluidTable;~D~D" StructureKind="java" NumEvents="8" CreationCount="1294"/><InteractionEvent Delta="null" EndDate="2018-11-03 16:00:10.25 CET" Interest="13.385001" Kind="manipulation" Navigation="null" OriginId="org.eclipse.mylyn.core.model.interest.decay.correction" StartDate="2018-11-03 16:00:10.25 CET" StructureHandle="/PhysicsLibrary/enums/FluidTable.java" StructureKind="resource"/><InteractionEvent Delta="null" EndDate="2018-11-05 17:36:10.138 CET" Interest="381.0" Kind="propagation" Navigation="null" OriginId="org.eclipse.jdt.ui.CompilationUnitEditor" StartDate="2018-10-30 14:50:11.977 CET" StructureHandle="/PhysicsLibrary/enums/FluidTable.java" StructureKind="resource" NumEvents="381" CreationCount="179"/><InteractionEvent Delta="null" EndDate="2018-11-05 08:26:19.715 CET" Interest="4.0" Kind="selection" Navigation="null" OriginId="org.eclipse.jdt.ui.CompilationUnitEditor" StartDate="2018-11-04 11:23:52.302 CET" StructureHandle="=PhysicsLibrary/&amp;lt;enums{FluidTable.java[FluidTable~FluidTable~D~D~D~D~D" StructureKind="java" NumEvents="4" CreationCount="1978"/><InteractionEvent Delta="null" EndDate="2018-11-05 08:26:19.715 CET" Interest="3.4880002" Kind="manipulation" Navigation="null" OriginId="org.eclipse.mylyn.core.model.interest.decay.correction" StartDate="2018-11-04 11:57:22.938 CET" StructureHandle="=PhysicsLibrary/&amp;lt;enums{FluidTable.java[FluidTable~FluidTable~D~D~D~D~D" StructureKind="java" NumEvents="2" CreationCount="1978"/><InteractionEvent Delta="null" EndDate="2018-11-05 08:26:20.65 CET" Interest="3.0" Kind="edit" Navigation="null" OriginId="org.eclipse.jdt.ui.CompilationUnitEditor" StartDate="2018-11-04 11:23:54.350 CET" StructureHandle="=PhysicsLibrary/&amp;lt;enums{FluidTable.java[FluidTable~FluidTable~D~D~D~D~D" StructureKind="java" NumEvents="3" CreationCount="1978"/><InteractionEvent Delta="null" EndDate="2018-11-04 11:23:21.620 CET" Interest="18.0" Kind="selection" Navigation="null" OriginId="org.eclipse.jdt.ui.CompilationUnitEditor" StartDate="2018-11-03 17:04:30.493 CET" StructureHandle="=PhysicsLibrary/&amp;lt;enums{GasTable.java[GasTable" StructureKind="java" NumEvents="18" CreationCount="1466"/><InteractionEvent Delta="null" EndDate="2018-11-04 11:16:15.170 CET" Interest="49.0" Kind="edit" Navigation="null" OriginId="org.eclipse.jdt.ui.CompilationUnitEditor" StartDate="2018-11-03 17:05:10.489 CET" StructureHandle="=PhysicsLibrary/&amp;lt;enums{GasTable.java[GasTable" StructureKind="java" NumEvents="49" CreationCount="1466"/><InteractionEvent Delta="null" EndDate="2018-11-04 10:54:09.207 CET" Interest="12.912998" Kind="propagation" Navigation="org.eclipse.mylyn.core.model.edges.containment" OriginId="org.eclipse.mylyn.core.model.interest.propagation" StartDate="2018-11-04 10:53:18.584 CET" StructureHandle="=PhysicsLibrary/&amp;lt;enums{GasTable.java[GasTable" StructureKind="java" NumEvents="19" CreationCount="1466"/><InteractionEvent Delta="null" EndDate="2018-11-05 17:36:06.723 CET" Interest="6.0" Kind="selection" Navigation="null" OriginId="org.eclipse.jdt.ui.CompilationUnitEditor" StartDate="2018-11-04 11:16:16.51 CET" StructureHandle="=PhysicsLibrary/&amp;lt;enums{GasTable.java[GasTable^heatCapacity" StructureKind="java" NumEvents="6" CreationCount="1933"/><InteractionEvent Delta="null" EndDate="2018-11-05 08:25:16.950 CET" Interest="2.632" Kind="manipulation" Navigation="null" OriginId="org.eclipse.mylyn.core.model.interest.decay.correction" StartDate="2018-11-05 08:25:16.950 CET" StructureHandle="=PhysicsLibrary/&amp;lt;enums{GasTable.java[GasTable^heatCapacity" StructureKind="java"/><InteractionEvent Delta="null" EndDate="2018-11-04 11:21:25.942 CET" Interest="4.0" Kind="edit" Navigation="null" OriginId="org.eclipse.jdt.ui.CompilationUnitEditor" StartDate="2018-11-04 11:21:21.594 CET" StructureHandle="=PhysicsLibrary/&amp;lt;enums{GasTable.java[GasTable^heatCapacity" StructureKind="java" NumEvents="4" CreationCount="1933"/><InteractionEvent Delta="null" EndDate="2018-11-05 17:58:18.688 CET" Interest="919.0" Kind="propagation" Navigation="null" OriginId="org.eclipse.jdt.ui.CompilationUnitEditor" StartDate="2018-10-26 14:57:36.396 CEST" StructureHandle="/PhysicsLibrary/enums/Methods.java" StructureKind="resource" NumEvents="919" CreationCount="3"/><InteractionEvent Delta="null" EndDate="2018-11-05 17:54:19.204 CET" Interest="3.0" Kind="selection" Navigation="null" OriginId="org.eclipse.jdt.ui.CompilationUnitEditor" StartDate="2018-10-29 17:55:22.992 CET" StructureHandle="=PhysicsLibrary/&amp;lt;enums{Methods.java[Methods~momentum~D~D" StructureKind="java" NumEvents="3" CreationCount="66"/><InteractionEvent Delta="null" EndDate="2018-11-05 17:54:19.205 CET" Interest="45.073" Kind="manipulation" Navigation="null" OriginId="org.eclipse.mylyn.core.model.interest.decay.correction" StartDate="2018-11-04 11:33:51.506 CET" StructureHandle="=PhysicsLibrary/&amp;lt;enums{Methods.java[Methods~momentum~D~D" StructureKind="java" NumEvents="2" CreationCount="66"/><InteractionEvent Delta="null" EndDate="2018-11-05 17:55:07.58 CET" Interest="24.0" Kind="edit" Navigation="null" OriginId="org.eclipse.jdt.ui.CompilationUnitEditor" StartDate="2018-11-05 17:54:20.269 CET" StructureHandle="=PhysicsLibrary/&amp;lt;enums{Methods.java[Methods~momentum~D~D" StructureKind="java" NumEvents="24" CreationCount="66"/><InteractionEvent Delta="null" EndDate="2018-10-30 12:17:24.361 CET" Interest="1.0" Kind="selection" Navigation="null" OriginId="org.eclipse.ui.views.ContentOutline" StartDate="2018-10-30 12:17:24.361 CET" StructureHandle="=PhysicsLibrary/&amp;lt;enums{Methods.java%enums" StructureKind="java"/><InteractionEvent Delta="null" EndDate="2018-11-04 11:20:34.97 CET" Interest="3.0" Kind="selection" Navigation="null" OriginId="org.eclipse.jdt.ui.CompilationUnitEditor" StartDate="2018-11-03 16:29:48.57 CET" StructureHandle="=PhysicsLibrary/&amp;lt;enums{FluidTable.java[FluidTable^density" StructureKind="java" NumEvents="3" CreationCount="1317"/><InteractionEvent Delta="null" EndDate="2018-11-04 11:15:12.554 CET" Interest="9.047001" Kind="manipulation" Navigation="null" OriginId="org.eclipse.mylyn.core.model.interest.decay.correction" StartDate="2018-11-04 11:15:12.554 CET" StructureHandle="=PhysicsLibrary/&amp;lt;enums{FluidTable.java[FluidTable^density" StructureKind="java"/><InteractionEvent Delta="null" EndDate="2018-11-04 11:15:15.194 CET" Interest="1.0" Kind="edit" Navigation="null" OriginId="org.eclipse.jdt.ui.CompilationUnitEditor" StartDate="2018-11-04 11:15:15.194 CET" StructureHandle="=PhysicsLibrary/&amp;lt;enums{FluidTable.java[FluidTable^density" StructureKind="java"/><InteractionEvent Delta="null" EndDate="2018-11-05 17:48:10.165 CET" Interest="3.0" Kind="selection" Navigation="null" OriginId="org.eclipse.jdt.ui.CompilationUnitEditor" StartDate="2018-11-04 11:33:44.472 CET" StructureHandle="=PhysicsLibrary/&amp;lt;enums{Methods.java[Methods~work~D~D" StructureKind="java" NumEvents="3" CreationCount="1567"/><InteractionEvent Delta="null" EndDate="2018-11-05 17:47:19.63 CET" Interest="18.210001" Kind="manipulation" Navigation="null" OriginId="org.eclipse.mylyn.core.model.interest.decay.correction" StartDate="2018-11-05 17:47:19.63 CET" StructureHandle="=PhysicsLibrary/&amp;lt;enums{Methods.java[Methods~work~D~D" StructureKind="java"/><InteractionEvent Delta="null" EndDate="2018-11-05 17:49:31.625 CET" Interest="52.0" Kind="edit" Navigation="null" OriginId="org.eclipse.jdt.ui.CompilationUnitEditor" StartDate="2018-11-05 17:47:19.855 CET" StructureHandle="=PhysicsLibrary/&amp;lt;enums{Methods.java[Methods~work~D~D" StructureKind="java" NumEvents="52" CreationCount="1567"/><InteractionEvent Delta="null" EndDate="2018-11-04 11:33:37.496 CET" Interest="2.0" Kind="selection" Navigation="null" OriginId="org.eclipse.ui.views.ContentOutline" StartDate="2018-11-04 11:33:17.545 CET" StructureHandle="=PhysicsLibrary/&amp;lt;enums{Methods.java[Methods~volumeToMass~QGasTable;~D" StructureKind="java" NumEvents="2" CreationCount="2104"/><InteractionEvent Delta="null" EndDate="2018-11-05 17:49:42.238 CET" Interest="2.0" Kind="selection" Navigation="null" OriginId="org.eclipse.jdt.ui.CompilationUnitEditor" StartDate="2018-11-04 11:33:45.364 CET" StructureHandle="=PhysicsLibrary/&amp;lt;enums{Methods.java[Methods~power~D~D" StructureKind="java" NumEvents="2" CreationCount="1570"/><InteractionEvent Delta="null" EndDate="2018-11-05 17:49:42.238 CET" Interest="19.094002" Kind="manipulation" Navigation="null" OriginId="org.eclipse.mylyn.core.model.interest.decay.correction" StartDate="2018-11-05 17:49:42.238 CET" StructureHandle="=PhysicsLibrary/&amp;lt;enums{Methods.java[Methods~power~D~D" StructureKind="java"/><InteractionEvent Delta="null" EndDate="2018-11-05 17:50:22.949 CET" Interest="15.0" Kind="edit" Navigation="null" OriginId="org.eclipse.jdt.ui.CompilationUnitEditor" StartDate="2018-11-05 17:49:58.319 CET" StructureHandle="=PhysicsLibrary/&amp;lt;enums{Methods.java[Methods~power~D~D" StructureKind="java" NumEvents="15" CreationCount="1570"/><InteractionEvent Delta="null" EndDate="2018-11-04 11:33:35.489 CET" Interest="2.0" Kind="selection" Navigation="null" OriginId="org.eclipse.ui.views.ContentOutline" StartDate="2018-11-04 11:33:14.271 CET" StructureHandle="=PhysicsLibrary/&amp;lt;enums{Methods.java[Methods~delta~D~D" StructureKind="java" NumEvents="2" CreationCount="2102"/><InteractionEvent Delta="null" EndDate="2018-11-05 20:55:31.235 CET" Interest="3272.0" Kind="propagation" Navigation="null" OriginId="org.eclipse.jdt.ui.CompilationUnitEditor" StartDate="2018-10-26 14:57:31.580 CEST" StructureHandle="/PhysicsLibrary" StructureKind="resource" NumEvents="3272" CreationCount="1"/><InteractionEvent Delta="null" EndDate="2018-11-04 11:03:59.295 CET" Interest="5.0" Kind="selection" Navigation="null" OriginId="org.eclipse.jdt.ui.CompilationUnitEditor" StartDate="2018-11-03 17:11:05.256 CET" StructureHandle="=PhysicsLibrary/&amp;lt;enums{GasTable.java[GasTable^AIR" StructureKind="java" NumEvents="5" CreationCount="1517"/><InteractionEvent Delta="null" EndDate="2018-11-04 11:04:27.819 CET" Interest="53.0" Kind="edit" Navigation="null" OriginId="org.eclipse.jdt.ui.CompilationUnitEditor" StartDate="2018-11-03 17:11:32.331 CET" StructureHandle="=PhysicsLibrary/&amp;lt;enums{GasTable.java[GasTable^AIR" StructureKind="java" NumEvents="53" CreationCount="1517"/><InteractionEvent Delta="null" EndDate="2018-11-05 20:55:31.138 CET" Interest="26.0" Kind="selection" Navigation="null" OriginId="org.eclipse.jdt.ui.CompilationUnitEditor" StartDate="2018-10-29 18:08:11.134 CET" StructureHandle="=PhysicsLibrary/&amp;lt;enums{Method_test.java" StructureKind="java" NumEvents="26" CreationCount="131"/><InteractionEvent Delta="null" EndDate="2018-11-05 20:40:56.574 CET" Interest="302.156" Kind="propagation" Navigation="org.eclipse.mylyn.core.model.edges.containment" OriginId="org.eclipse.mylyn.core.model.interest.propagation" StartDate="2018-10-30 12:18:47.221 CET" StructureHandle="=PhysicsLibrary/&amp;lt;enums{Method_test.java" StructureKind="java" NumEvents="407" CreationCount="131"/><InteractionEvent Delta="null" EndDate="2018-11-05 17:37:11.988 CET" Interest="4.0" Kind="selection" Navigation="null" OriginId="org.eclipse.jdt.ui.CompilationUnitEditor" StartDate="2018-10-30 20:21:21.749 CET" StructureHandle="=PhysicsLibrary/&amp;lt;enums{Methods.java[Methods^g_swe" StructureKind="java" NumEvents="4" CreationCount="504"/><InteractionEvent Delta="null" EndDate="2018-11-05 17:37:11.988 CET" Interest="30.181" Kind="manipulation" Navigation="null" OriginId="org.eclipse.mylyn.core.model.interest.decay.correction" StartDate="2018-11-05 17:37:11.988 CET" StructureHandle="=PhysicsLibrary/&amp;lt;enums{Methods.java[Methods^g_swe" StructureKind="java"/><InteractionEvent Delta="null" EndDate="2018-10-30 20:40:36.564 CET" Interest="1.0" Kind="edit" Navigation="null" OriginId="org.eclipse.jdt.ui.CompilationUnitEditor" StartDate="2018-10-30 20:40:36.564 CET" StructureHandle="=PhysicsLibrary/&amp;lt;enums{Methods.java[Methods^g_swe" StructureKind="java"/><InteractionEvent Delta="null" EndDate="2018-11-05 17:46:05.309 CET" Interest="4.0" Kind="selection" Navigation="null" OriginId="org.eclipse.jdt.ui.CompilationUnitEditor" StartDate="2018-10-30 20:40:40.494 CET" StructureHandle="=PhysicsLibrary/&amp;lt;enums{Methods.java[Methods~svtDistance~D~D" StructureKind="java" NumEvents="4" CreationCount="517"/><InteractionEvent Delta="null" EndDate="2018-11-05 17:46:05.309 CET" Interest="32.782" Kind="manipulation" Navigation="null" OriginId="org.eclipse.mylyn.core.model.interest.decay.correction" StartDate="2018-11-04 11:33:41.117 CET" StructureHandle="=PhysicsLibrary/&amp;lt;enums{Methods.java[Methods~svtDistance~D~D" StructureKind="java" NumEvents="2" CreationCount="517"/><InteractionEvent Delta="null" EndDate="2018-11-05 17:46:31.2 CET" Interest="16.0" Kind="edit" Navigation="null" OriginId="org.eclipse.jdt.ui.CompilationUnitEditor" StartDate="2018-10-30 21:13:39.381 CET" StructureHandle="=PhysicsLibrary/&amp;lt;enums{Methods.java[Methods~svtDistance~D~D" StructureKind="java" NumEvents="16" CreationCount="517"/><InteractionEvent Delta="null" EndDate="2018-11-03 16:28:52.481 CET" Interest="4.0" Kind="selection" Navigation="null" OriginId="org.eclipse.jdt.ui.CompilationUnitEditor" StartDate="2018-11-03 16:13:23.325 CET" StructureHandle="=PhysicsLibrary/&amp;lt;enums{FluidTable.java[FluidTable^MERCURY" StructureKind="java" NumEvents="4" CreationCount="1202"/><InteractionEvent Delta="null" EndDate="2018-11-03 16:27:45.213 CET" Interest="48.0" Kind="edit" Navigation="null" OriginId="org.eclipse.jdt.ui.CompilationUnitEditor" StartDate="2018-11-03 16:22:16.43 CET" StructureHandle="=PhysicsLibrary/&amp;lt;enums{FluidTable.java[FluidTable^MERCURY" StructureKind="java" NumEvents="48" CreationCount="1202"/><InteractionEvent Delta="null" EndDate="2018-10-30 12:10:46.937 CET" Interest="1.0" Kind="selection" Navigation="null" OriginId="org.eclipse.ui.views.ContentOutline" StartDate="2018-10-30 12:10:46.937 CET" StructureHandle="=PhysicsLibrary/&amp;lt;enums{Method_test.java%enums" StructureKind="java"/><InteractionEvent Delta="null" EndDate="2018-11-05 17:40:57.543 CET" Interest="3.0" Kind="selection" Navigation="null" OriginId="org.eclipse.jdt.ui.CompilationUnitEditor" StartDate="2018-11-04 11:33:09.121 CET" StructureHandle="=PhysicsLibrary/&amp;lt;enums{Methods.java[Methods~kineticEnergy~D~D" StructureKind="java" NumEvents="3" CreationCount="2099"/><InteractionEvent Delta="null" EndDate="2018-11-05 17:40:57.543 CET" Interest="6.024" Kind="manipulation" Navigation="null" OriginId="org.eclipse.mylyn.core.model.interest.decay.correction" StartDate="2018-11-05 17:40:57.543 CET" StructureHandle="=PhysicsLibrary/&amp;lt;enums{Methods.java[Methods~kineticEnergy~D~D" StructureKind="java"/><InteractionEvent Delta="null" EndDate="2018-11-05 17:42:12.197 CET" Interest="31.0" Kind="edit" Navigation="null" OriginId="org.eclipse.jdt.ui.CompilationUnitEditor" StartDate="2018-11-05 17:41:18.413 CET" StructureHandle="=PhysicsLibrary/&amp;lt;enums{Methods.java[Methods~kineticEnergy~D~D" StructureKind="java" NumEvents="31" CreationCount="2099"/><InteractionEvent Delta="null" EndDate="2018-11-02 20:14:36.307 CET" Interest="2.108" Kind="manipulation" Navigation="null" OriginId="org.eclipse.mylyn.core.model.interest.decay.correction" StartDate="2018-10-29 17:55:31.677 CET" StructureHandle="=PhysicsLibrary/&amp;lt;enums{Methods.java[Methods~efficiency~D~D" StructureKind="java" NumEvents="2" CreationCount="462"/><InteractionEvent Delta="null" EndDate="2018-11-05 17:57:09.418 CET" Interest="5.0" Kind="selection" Navigation="null" OriginId="org.eclipse.jdt.ui.CompilationUnitEditor" StartDate="2018-10-29 17:48:25.686 CET" StructureHandle="=PhysicsLibrary/&amp;lt;enums{Methods.java[Methods~arkimedesPrinciple~QFluidTable;~D" StructureKind="java" NumEvents="5" CreationCount="52"/><InteractionEvent Delta="null" EndDate="2018-11-05 17:57:09.418 CET" Interest="6.4120026" Kind="manipulation" Navigation="null" OriginId="org.eclipse.mylyn.core.model.interest.decay.correction" StartDate="2018-11-05 17:57:09.418 CET" StructureHandle="=PhysicsLibrary/&amp;lt;enums{Methods.java[Methods~arkimedesPrinciple~QFluidTable;~D" StructureKind="java"/><InteractionEvent Delta="null" EndDate="2018-11-05 17:58:13.361 CET" Interest="77.0" Kind="edit" Navigation="null" OriginId="org.eclipse.jdt.ui.CompilationUnitEditor" StartDate="2018-10-29 17:50:24.61 CET" StructureHandle="=PhysicsLibrary/&amp;lt;enums{Methods.java[Methods~arkimedesPrinciple~QFluidTable;~D" StructureKind="java" NumEvents="77" CreationCount="52"/><InteractionEvent Delta="null" EndDate="2018-11-04 11:30:49.282 CET" Interest="3.0" Kind="selection" Navigation="null" OriginId="org.eclipse.jdt.ui.CompilationUnitEditor" StartDate="2018-11-04 11:27:34.776 CET" StructureHandle="=PhysicsLibrary/&amp;lt;enums{SolidTable.java[SolidTable^ICE" StructureKind="java" NumEvents="3" CreationCount="2034"/><InteractionEvent Delta="null" EndDate="2018-11-04 11:30:38.162 CET" Interest="48.0" Kind="edit" Navigation="null" OriginId="org.eclipse.jdt.ui.CompilationUnitEditor" StartDate="2018-11-04 11:28:46.696 CET" StructureHandle="=PhysicsLibrary/&amp;lt;enums{SolidTable.java[SolidTable^ICE" StructureKind="java" NumEvents="48" CreationCount="2034"/><InteractionEvent Delta="null" EndDate="2018-11-05 08:26:46.277 CET" Interest="17.0" Kind="selection" Navigation="null" OriginId="org.eclipse.jdt.ui.CompilationUnitEditor" StartDate="2018-11-04 11:25:04.787 CET" StructureHandle="=PhysicsLibrary/&amp;lt;enums{SolidTable.java[SolidTable" StructureKind="java" NumEvents="17" CreationCount="1986"/><InteractionEvent Delta="null" EndDate="2018-11-05 08:24:24.193 CET" Interest="45.0" Kind="edit" Navigation="null" OriginId="org.eclipse.jdt.ui.CompilationUnitEditor" StartDate="2018-11-04 11:25:17.305 CET" StructureHandle="=PhysicsLibrary/&amp;lt;enums{SolidTable.java[SolidTable" StructureKind="java" NumEvents="45" CreationCount="1986"/><InteractionEvent Delta="null" EndDate="2018-11-05 08:09:42.98 CET" Interest="5.661001" Kind="propagation" Navigation="org.eclipse.mylyn.core.model.edges.containment" OriginId="org.eclipse.mylyn.core.model.interest.propagation" StartDate="2018-11-04 11:30:05.384 CET" StructureHandle="=PhysicsLibrary/&amp;lt;enums{SolidTable.java[SolidTable" StructureKind="java" NumEvents="9" CreationCount="1986"/><InteractionEvent Delta="null" EndDate="2018-11-05 08:23:56.333 CET" Interest="2.0" Kind="selection" Navigation="null" OriginId="org.eclipse.jdt.ui.CompilationUnitEditor" StartDate="2018-11-05 08:19:14.741 CET" StructureHandle="=PhysicsLibrary/&amp;lt;enums{SolidTable.java[SolidTable^GLASS" StructureKind="java" NumEvents="2" CreationCount="2373"/><InteractionEvent Delta="null" EndDate="2018-11-05 08:23:24.825 CET" Interest="23.0" Kind="edit" Navigation="null" OriginId="org.eclipse.jdt.ui.CompilationUnitEditor" StartDate="2018-11-05 08:20:03.711 CET" StructureHandle="=PhysicsLibrary/&amp;lt;enums{SolidTable.java[SolidTable^GLASS" StructureKind="java" NumEvents="23" CreationCount="2373"/><InteractionEvent Delta="null" EndDate="2018-11-05 08:09:35.127 CET" Interest="2.0" Kind="selection" Navigation="null" OriginId="org.eclipse.jdt.ui.CompilationUnitEditor" StartDate="2018-11-04 11:57:59.85 CET" StructureHandle="=PhysicsLibrary/&amp;lt;enums{SolidTable.java[SolidTable^ALUMINIUM" StructureKind="java" NumEvents="2" CreationCount="2219"/><InteractionEvent Delta="null" EndDate="2018-11-05 08:09:42.98 CET" Interest="50.0" Kind="edit" Navigation="null" OriginId="org.eclipse.jdt.ui.CompilationUnitEditor" StartDate="2018-11-04 12:00:58.923 CET" StructureHandle="=PhysicsLibrary/&amp;lt;enums{SolidTable.java[SolidTable^ALUMINIUM" StructureKind="java" NumEvents="50" CreationCount="2219"/><InteractionEvent Delta="null" EndDate="2018-11-05 20:54:34.485 CET" Interest="5.0" Kind="selection" Navigation="null" OriginId="org.eclipse.jdt.ui.CompilationUnitEditor" StartDate="2018-10-30 16:12:57.450 CET" StructureHandle="=PhysicsLibrary/&amp;lt;enums{Method_test.java[Method_test~Q10" StructureKind="java" NumEvents="5" CreationCount="271"/><InteractionEvent Delta="null" EndDate="2018-11-05 20:40:58.120 CET" Interest="44.2" Kind="manipulation" Navigation="null" OriginId="org.eclipse.mylyn.core.model.interest.decay.correction" StartDate="2018-11-05 20:40:58.120 CET" StructureHandle="=PhysicsLibrary/&amp;lt;enums{Method_test.java[Method_test~Q10" StructureKind="java"/><InteractionEvent Delta="null" EndDate="2018-11-05 20:55:31.234 CET" Interest="17.0" Kind="edit" Navigation="null" OriginId="org.eclipse.jdt.ui.CompilationUnitEditor" StartDate="2018-10-30 16:17:33.942 CET" StructureHandle="=PhysicsLibrary/&amp;lt;enums{Method_test.java[Method_test~Q10" StructureKind="java" NumEvents="17" CreationCount="271"/></InteractionHistory>