<?xml version="1.0" encoding="UTF-8"?><InteractionHistory Id="local-5" Version="1"><InteractionEvent Delta="null" EndDate="2018-10-29 17:40:30.679 CET" Interest="1192.017" Kind="propagation" Navigation="org.eclipse.mylyn.core.model.edges.containment" OriginId="org.eclipse.mylyn.core.model.interest.propagation" StartDate="2018-10-29 14:03:26.232 CET" StructureHandle="" StructureKind="java" NumEvents="1194" CreationCount="1"/><InteractionEvent Delta="null" EndDate="2018-10-29 14:32:59.395 CET" Interest="39.287" Kind="propagation" Navigation="org.eclipse.mylyn.core.model.edges.containment" OriginId="org.eclipse.mylyn.core.model.interest.propagation" StartDate="2018-10-29 14:11:29.977 CET" StructureHandle="=PhysicsLibrary/&amp;lt;enums{FluidTable.java" StructureKind="java" NumEvents="55" CreationCount="4"/><InteractionEvent Delta="null" EndDate="2018-10-29 14:16:51.292 CET" Interest="5.0" Kind="selection" Navigation="null" OriginId="org.eclipse.jdt.ui.CompilationUnitEditor" StartDate="2018-10-29 14:03:35.978 CET" StructureHandle="=PhysicsLibrary/&amp;lt;enums{FluidTable.java" StructureKind="java" NumEvents="5" CreationCount="4"/><InteractionEvent Delta="null" EndDate="2018-10-29 15:50:18.813 CET" Interest="10.0" Kind="edit" Navigation="null" OriginId="org.eclipse.jdt.ui.CompilationUnitEditor" StartDate="2018-10-29 15:50:05.974 CET" StructureHandle="=PhysicsLibrary/&amp;lt;enums{Methods.java[Methods~velocityToHeight~D" StructureKind="java" NumEvents="10" CreationCount="301"/><InteractionEvent Delta="null" EndDate="2018-10-29 15:50:04.228 CET" Interest="3.0" Kind="selection" Navigation="null" OriginId="org.eclipse.jdt.ui.CompilationUnitEditor" StartDate="2018-10-29 14:40:04.542 CET" StructureHandle="=PhysicsLibrary/&amp;lt;enums{Methods.java[Methods~velocityToHeight~D" StructureKind="java" NumEvents="3" CreationCount="301"/><InteractionEvent Delta="null" EndDate="2018-10-29 15:50:04.228 CET" Interest="3.2360003" Kind="manipulation" Navigation="null" OriginId="org.eclipse.mylyn.core.model.interest.decay.correction" StartDate="2018-10-29 15:00:59.216 CET" StructureHandle="=PhysicsLibrary/&amp;lt;enums{Methods.java[Methods~velocityToHeight~D" StructureKind="java" NumEvents="2" CreationCount="301"/><InteractionEvent Delta="null" EndDate="2018-10-29 17:38:42.715 CET" Interest="92.674" Kind="propagation" Navigation="org.eclipse.mylyn.core.model.edges.containment" OriginId="org.eclipse.mylyn.core.model.interest.propagation" StartDate="2018-10-29 14:40:06.322 CET" StructureHandle="=PhysicsLibrary/&amp;lt;enums{Methods.java" StructureKind="java" NumEvents="143" CreationCount="2"/><InteractionEvent Delta="null" EndDate="2018-10-29 17:28:07.284 CET" Interest="13.0" Kind="selection" Navigation="null" OriginId="org.eclipse.jdt.ui.CompilationUnitEditor" StartDate="2018-10-29 14:03:33.672 CET" StructureHandle="=PhysicsLibrary/&amp;lt;enums{Methods.java" StructureKind="java" NumEvents="13" CreationCount="2"/><InteractionEvent Delta="null" EndDate="2018-10-29 14:13:05.475 CET" Interest="1.0" Kind="selection" Navigation="null" OriginId="org.eclipse.jdt.ui.CompilationUnitEditor" StartDate="2018-10-29 14:13:05.475 CET" StructureHandle="=PhysicsLibrary/&amp;lt;enums{FluidTable.java[FluidTable^CARBON_TETRACHLORIDE" StructureKind="java"/><InteractionEvent Delta="null" EndDate="2018-10-29 17:40:30.678 CET" Interest="831.0" Kind="propagation" Navigation="null" OriginId="org.eclipse.jdt.ui.CompilationUnitEditor" StartDate="2018-10-29 14:03:33.672 CET" StructureHandle="/PhysicsLibrary/enums/Methods.java" StructureKind="resource" NumEvents="831" CreationCount="2"/><InteractionEvent Delta="null" EndDate="2018-10-29 14:36:28.925 CET" Interest="26.0" Kind="edit" Navigation="null" OriginId="org.eclipse.jdt.ui.CompilationUnitEditor" StartDate="2018-10-29 14:35:24.675 CET" StructureHandle="=PhysicsLibrary/&amp;lt;enums{FluidTable.java[FluidTable^steamEntalpy" StructureKind="java" NumEvents="26" CreationCount="236"/><InteractionEvent Delta="null" EndDate="2018-10-29 14:33:01.517 CET" Interest="1.0" Kind="selection" Navigation="null" OriginId="org.eclipse.jdt.ui.CompilationUnitEditor" StartDate="2018-10-29 14:33:01.517 CET" StructureHandle="=PhysicsLibrary/&amp;lt;enums{FluidTable.java[FluidTable^steamEntalpy" StructureKind="java"/><InteractionEvent Delta="null" EndDate="2018-10-29 15:01:45.133 CET" Interest="42.0" Kind="edit" Navigation="null" OriginId="org.eclipse.jdt.ui.CompilationUnitEditor" StartDate="2018-10-29 14:40:26.817 CET" StructureHandle="=PhysicsLibrary/&amp;lt;enums{Methods.java[Methods~momentum~D~D" StructureKind="java" NumEvents="42" CreationCount="305"/><InteractionEvent Delta="null" EndDate="2018-10-29 17:10:40.974 CET" Interest="6.0" Kind="selection" Navigation="null" OriginId="org.eclipse.jdt.ui.CompilationUnitEditor" StartDate="2018-10-29 14:40:16.915 CET" StructureHandle="=PhysicsLibrary/&amp;lt;enums{Methods.java[Methods~momentum~D~D" StructureKind="java" NumEvents="6" CreationCount="305"/><InteractionEvent Delta="null" EndDate="2018-10-29 17:36:34.400 CET" Interest="43.876" Kind="propagation" Navigation="org.eclipse.mylyn.core.model.edges.containment" OriginId="org.eclipse.mylyn.core.model.interest.propagation" StartDate="2018-10-29 14:16:38.91 CET" StructureHandle="=PhysicsLibrary/&amp;lt;enums{Methods.java[Methods" StructureKind="java" NumEvents="62" CreationCount="96"/><InteractionEvent Delta="null" EndDate="2018-10-29 17:24:28.616 CET" Interest="46.0" Kind="edit" Navigation="null" OriginId="org.eclipse.jdt.ui.CompilationUnitEditor" StartDate="2018-10-29 14:40:11.512 CET" StructureHandle="=PhysicsLibrary/&amp;lt;enums{Methods.java[Methods" StructureKind="java" NumEvents="46" CreationCount="96"/><InteractionEvent Delta="null" EndDate="2018-10-29 17:38:11.56 CET" Interest="28.0" Kind="selection" Navigation="null" OriginId="org.eclipse.jdt.ui.CompilationUnitEditor" StartDate="2018-10-29 14:40:06.322 CET" StructureHandle="=PhysicsLibrary/&amp;lt;enums{Methods.java[Methods" StructureKind="java" NumEvents="28" CreationCount="96"/><InteractionEvent Delta="null" EndDate="2018-10-29 14:16:37.915 CET" Interest="1.0" Kind="selection" Navigation="null" OriginId="org.eclipse.ui.views.ContentOutline" StartDate="2018-10-29 14:16:37.915 CET" StructureHandle="=PhysicsLibrary/&amp;lt;enums{Methods.java%enums" StructureKind="java"/><InteractionEvent Delta="null" EndDate="2018-10-29 17:19:21.726 CET" Interest="17.0" Kind="edit" Navigation="null" OriginId="org.eclipse.jdt.ui.CompilationUnitEditor" StartDate="2018-10-29 17:17:19.691 CET" StructureHandle="=PhysicsLibrary/&amp;lt;enums{Methods.java[Methods~MassEnergyEquivalence~D" StructureKind="java" NumEvents="17" CreationCount="839"/><InteractionEvent Delta="null" EndDate="2018-10-29 17:17:21.314 CET" Interest="4.0" Kind="selection" Navigation="null" OriginId="org.eclipse.jdt.ui.CompilationUnitEditor" StartDate="2018-10-29 17:16:56.703 CET" StructureHandle="=PhysicsLibrary/&amp;lt;enums{Methods.java[Methods~MassEnergyEquivalence~D" StructureKind="java" NumEvents="4" CreationCount="839"/><InteractionEvent Delta="null" EndDate="2018-10-29 14:29:32.299 CET" Interest="33.0" Kind="edit" Navigation="null" OriginId="org.eclipse.jdt.ui.CompilationUnitEditor" StartDate="2018-10-29 14:27:17.915 CET" StructureHandle="=PhysicsLibrary/&amp;lt;enums{FluidTable.java[FluidTable^meltPoint" StructureKind="java" NumEvents="33" CreationCount="176"/><InteractionEvent Delta="null" EndDate="2018-10-29 14:28:32.692 CET" Interest="2.0" Kind="selection" Navigation="null" OriginId="org.eclipse.jdt.ui.CompilationUnitEditor" StartDate="2018-10-29 14:26:47.705 CET" StructureHandle="=PhysicsLibrary/&amp;lt;enums{FluidTable.java[FluidTable^meltPoint" StructureKind="java" NumEvents="2" CreationCount="176"/><InteractionEvent Delta="null" EndDate="2018-10-29 14:11:10.200 CET" Interest="3.0" Kind="propagation" Navigation="null" OriginId="org.eclipse.jdt.ui.CompilationUnitEditor" StartDate="2018-10-29 14:03:37.206 CET" StructureHandle="/PhysicsLibrary/enums/GasTable.java" StructureKind="resource" NumEvents="3" CreationCount="6"/><InteractionEvent Delta="null" EndDate="2018-10-29 14:18:56.737 CET" Interest="26.0" Kind="edit" Navigation="null" OriginId="org.eclipse.jdt.ui.CompilationUnitEditor" StartDate="2018-10-29 14:17:05.604 CET" StructureHandle="=PhysicsLibrary/&amp;lt;enums{FluidTable.java[FluidTable^density" StructureKind="java" NumEvents="26" CreationCount="104"/><InteractionEvent Delta="null" EndDate="2018-10-29 14:17:01.53 CET" Interest="1.0" Kind="selection" Navigation="null" OriginId="org.eclipse.jdt.ui.CompilationUnitEditor" StartDate="2018-10-29 14:17:01.53 CET" StructureHandle="=PhysicsLibrary/&amp;lt;enums{FluidTable.java[FluidTable^density" StructureKind="java"/><InteractionEvent Delta="null" EndDate="2018-10-29 14:03:38.458 CET" Interest="2.0" Kind="selection" Navigation="null" OriginId="org.eclipse.jdt.ui.CompilationUnitEditor" StartDate="2018-10-29 14:03:38.334 CET" StructureHandle="=PhysicsLibrary/&amp;lt;enums{SolidTable.java" StructureKind="java" NumEvents="2" CreationCount="8"/><InteractionEvent Delta="null" EndDate="2018-10-29 17:38:10.0 CET" Interest="52.0" Kind="edit" Navigation="null" OriginId="org.eclipse.jdt.ui.CompilationUnitEditor" StartDate="2018-10-29 16:54:33.78 CET" StructureHandle="=PhysicsLibrary/&amp;lt;enums{Methods.java[Methods~massFromCollision~D~D~D" StructureKind="java" NumEvents="52" CreationCount="740"/><InteractionEvent Delta="null" EndDate="2018-10-29 17:36:37.37 CET" Interest="14.0" Kind="selection" Navigation="null" OriginId="org.eclipse.jdt.ui.CompilationUnitEditor" StartDate="2018-10-29 16:53:45.412 CET" StructureHandle="=PhysicsLibrary/&amp;lt;enums{Methods.java[Methods~massFromCollision~D~D~D" StructureKind="java" NumEvents="14" CreationCount="740"/><InteractionEvent Delta="null" EndDate="2018-10-29 17:36:34.400 CET" Interest="113.0" Kind="edit" Navigation="null" OriginId="org.eclipse.jdt.ui.CompilationUnitEditor" StartDate="2018-10-29 15:52:37.478 CET" StructureHandle="=PhysicsLibrary/&amp;lt;enums{Methods.java[Methods~velocityFromCollision~D~D~D" StructureKind="java" NumEvents="113" CreationCount="624"/><InteractionEvent Delta="null" EndDate="2018-10-29 17:36:31.243 CET" Interest="15.0" Kind="selection" Navigation="null" OriginId="org.eclipse.jdt.ui.CompilationUnitEditor" StartDate="2018-10-29 15:51:42.89 CET" StructureHandle="=PhysicsLibrary/&amp;lt;enums{Methods.java[Methods~velocityFromCollision~D~D~D" StructureKind="java" NumEvents="15" CreationCount="624"/><InteractionEvent Delta="null" EndDate="2018-10-29 17:40:30.679 CET" Interest="1194.0" Kind="propagation" Navigation="null" OriginId="org.eclipse.jdt.ui.CompilationUnitEditor" StartDate="2018-10-29 14:03:26.232 CET" StructureHandle="/PhysicsLibrary" StructureKind="resource" NumEvents="1194" CreationCount="1"/><InteractionEvent Delta="null" EndDate="2018-10-29 17:38:42.716 CET" Interest="105.674" Kind="propagation" Navigation="org.eclipse.mylyn.core.model.edges.containment" OriginId="org.eclipse.mylyn.core.model.interest.propagation" StartDate="2018-10-29 14:03:33.672 CET" StructureHandle="=PhysicsLibrary/&amp;lt;enums" StructureKind="java" NumEvents="175" CreationCount="2"/><InteractionEvent Delta="null" EndDate="2018-10-29 14:16:48.80 CET" Interest="3.0" Kind="edit" Navigation="null" OriginId="org.eclipse.jdt.ui.CompilationUnitEditor" StartDate="2018-10-29 14:16:47.214 CET" StructureHandle="=PhysicsLibrary/&amp;lt;enums{Methods.java[Methods~pressureUnderWater~D" StructureKind="java" NumEvents="3" CreationCount="96"/><InteractionEvent Delta="null" EndDate="2018-10-29 14:39:18.646 CET" Interest="3.0" Kind="selection" Navigation="null" OriginId="org.eclipse.jdt.ui.CompilationUnitEditor" StartDate="2018-10-29 14:16:38.90 CET" StructureHandle="=PhysicsLibrary/&amp;lt;enums{Methods.java[Methods~pressureUnderWater~D" StructureKind="java" NumEvents="3" CreationCount="96"/><InteractionEvent Delta="null" EndDate="2018-10-29 17:27:27.47 CET" Interest="69.3" Kind="propagation" Navigation="org.eclipse.mylyn.core.model.edges.containment" OriginId="org.eclipse.mylyn.core.model.interest.propagation" StartDate="2018-10-29 14:38:14.276 CET" StructureHandle="=PhysicsLibrary/&amp;lt;enums{Method_test.java[Method_test" StructureKind="java" NumEvents="96" CreationCount="266"/><InteractionEvent Delta="null" EndDate="2018-10-29 14:11:10.200 CET" Interest="3.0" Kind="selection" Navigation="null" OriginId="org.eclipse.jdt.ui.CompilationUnitEditor" StartDate="2018-10-29 14:03:37.206 CET" StructureHandle="=PhysicsLibrary/&amp;lt;enums{GasTable.java" StructureKind="java" NumEvents="3" CreationCount="6"/><InteractionEvent Delta="null" EndDate="2018-10-29 15:02:38.522 CET" Interest="37.0" Kind="edit" Navigation="null" OriginId="org.eclipse.jdt.ui.CompilationUnitEditor" StartDate="2018-10-29 14:51:32.115 CET" StructureHandle="=PhysicsLibrary/&amp;lt;enums{Methods.java[Methods~impulse~D~D" StructureKind="java" NumEvents="37" CreationCount="372"/><InteractionEvent Delta="null" EndDate="2018-10-29 17:10:41.971 CET" Interest="4.0" Kind="selection" Navigation="null" OriginId="org.eclipse.jdt.ui.CompilationUnitEditor" StartDate="2018-10-29 14:50:58.207 CET" StructureHandle="=PhysicsLibrary/&amp;lt;enums{Methods.java[Methods~impulse~D~D" StructureKind="java" NumEvents="4" CreationCount="372"/><InteractionEvent Delta="null" EndDate="2018-10-29 17:27:27.47 CET" Interest="61.334003" Kind="propagation" Navigation="org.eclipse.mylyn.core.model.edges.containment" OriginId="org.eclipse.mylyn.core.model.interest.propagation" StartDate="2018-10-29 14:38:14.277 CET" StructureHandle="=PhysicsLibrary/&amp;lt;enums{Method_test.java" StructureKind="java" NumEvents="89" CreationCount="10"/><InteractionEvent Delta="null" EndDate="2018-10-29 17:27:17.20 CET" Interest="11.0" Kind="selection" Navigation="null" OriginId="org.eclipse.jdt.ui.CompilationUnitEditor" StartDate="2018-10-29 14:03:39.624 CET" StructureHandle="=PhysicsLibrary/&amp;lt;enums{Method_test.java" StructureKind="java" NumEvents="11" CreationCount="10"/><InteractionEvent Delta="null" EndDate="2018-10-29 14:38:07.442 CET" Interest="1.3180003" Kind="manipulation" Navigation="null" OriginId="org.eclipse.mylyn.core.model.interest.decay.correction" StartDate="2018-10-29 14:38:07.442 CET" StructureHandle="=PhysicsLibrary/&amp;lt;enums{Method_test.java" StructureKind="java"/><InteractionEvent Delta="null" EndDate="2018-10-29 17:32:22.344 CET" Interest="71.0" Kind="edit" Navigation="null" OriginId="org.eclipse.jdt.ui.CompilationUnitEditor" StartDate="2018-10-29 14:54:49.348 CET" StructureHandle="=PhysicsLibrary/&amp;lt;enums{Methods.java[Methods~forceFromMAndA~D~D" StructureKind="java" NumEvents="71" CreationCount="438"/><InteractionEvent Delta="null" EndDate="2018-10-29 17:30:40.603 CET" Interest="11.0" Kind="selection" Navigation="null" OriginId="org.eclipse.jdt.ui.CompilationUnitEditor" StartDate="2018-10-29 14:54:44.810 CET" StructureHandle="=PhysicsLibrary/&amp;lt;enums{Methods.java[Methods~forceFromMAndA~D~D" StructureKind="java" NumEvents="11" CreationCount="438"/><InteractionEvent Delta="null" EndDate="2018-10-29 17:27:27.47 CET" Interest="114.0" Kind="propagation" Navigation="null" OriginId="org.eclipse.jdt.ui.CompilationUnitEditor" StartDate="2018-10-29 14:03:39.624 CET" StructureHandle="/PhysicsLibrary/enums/Method_test.java" StructureKind="resource" NumEvents="114" CreationCount="10"/><InteractionEvent Delta="null" EndDate="2018-10-29 14:38:07.443 CET" Interest="1.335" Kind="manipulation" Navigation="null" OriginId="org.eclipse.mylyn.core.model.interest.decay.correction" StartDate="2018-10-29 14:38:07.443 CET" StructureHandle="/PhysicsLibrary/enums/Method_test.java" StructureKind="resource"/><InteractionEvent Delta="null" EndDate="2018-10-29 14:28:20.931 CET" Interest="53.0" Kind="edit" Navigation="null" OriginId="org.eclipse.jdt.ui.CompilationUnitEditor" StartDate="2018-10-29 14:11:21.743 CET" StructureHandle="=PhysicsLibrary/&amp;lt;enums{FluidTable.java[FluidTable" StructureKind="java" NumEvents="53" CreationCount="15"/><InteractionEvent Delta="null" EndDate="2018-10-29 14:32:59.394 CET" Interest="7.0" Kind="selection" Navigation="null" OriginId="org.eclipse.jdt.ui.CompilationUnitEditor" StartDate="2018-10-29 14:11:20.948 CET" StructureHandle="=PhysicsLibrary/&amp;lt;enums{FluidTable.java[FluidTable" StructureKind="java" NumEvents="7" CreationCount="15"/><InteractionEvent Delta="null" EndDate="2018-10-29 17:40:30.678 CET" Interest="1192.017" Kind="propagation" Navigation="org.eclipse.mylyn.core.model.edges.containment" OriginId="org.eclipse.mylyn.core.model.interest.propagation" StartDate="2018-10-29 14:03:26.232 CET" StructureHandle="/" StructureKind="resource" NumEvents="1194" CreationCount="1"/><InteractionEvent Delta="null" EndDate="2018-10-29 17:38:42.716 CET" Interest="105.674" Kind="propagation" Navigation="org.eclipse.mylyn.core.model.edges.containment" OriginId="org.eclipse.mylyn.core.model.interest.propagation" StartDate="2018-10-29 14:03:33.673 CET" StructureHandle="=PhysicsLibrary/" StructureKind="java" NumEvents="163" CreationCount="2"/><InteractionEvent Delta="null" EndDate="2018-10-29 17:40:30.678 CET" Interest="1191.017" Kind="propagation" Navigation="org.eclipse.mylyn.core.model.edges.containment" OriginId="org.eclipse.mylyn.core.model.interest.propagation" StartDate="2018-10-29 14:03:33.672 CET" StructureHandle="=PhysicsLibrary" StructureKind="resource" NumEvents="1193" CreationCount="1"/><InteractionEvent Delta="null" EndDate="2018-10-29 14:03:26.232 CET" Interest="1.0" Kind="selection" Navigation="null" OriginId="org.eclipse.jdt.ui.PackageExplorer" StartDate="2018-10-29 14:03:26.232 CET" StructureHandle="=PhysicsLibrary" StructureKind="java"/><InteractionEvent Delta="null" EndDate="2018-10-29 14:15:40.509 CET" Interest="21.0" Kind="edit" Navigation="null" OriginId="org.eclipse.jdt.ui.CompilationUnitEditor" StartDate="2018-10-29 14:15:04.791 CET" StructureHandle="=PhysicsLibrary/&amp;lt;enums{FluidTable.java[FluidTable^WATER" StructureKind="java" NumEvents="21" CreationCount="72"/><InteractionEvent Delta="null" EndDate="2018-10-29 14:16:51.340 CET" Interest="2.0" Kind="selection" Navigation="null" OriginId="org.eclipse.jdt.ui.CompilationUnitEditor" StartDate="2018-10-29 14:15:01.223 CET" StructureHandle="=PhysicsLibrary/&amp;lt;enums{FluidTable.java[FluidTable^WATER" StructureKind="java" NumEvents="2" CreationCount="72"/><InteractionEvent Delta="null" EndDate="2018-10-29 17:40:30.678 CET" Interest="1193.0" Kind="propagation" Navigation="null" OriginId="org.eclipse.jdt.ui.CompilationUnitEditor" StartDate="2018-10-29 14:03:33.672 CET" StructureHandle="/PhysicsLibrary/enums" StructureKind="resource" NumEvents="1193" CreationCount="2"/><InteractionEvent Delta="null" EndDate="2018-10-29 17:33:43.986 CET" Interest="96.0" Kind="edit" Navigation="null" OriginId="org.eclipse.jdt.ui.CompilationUnitEditor" StartDate="2018-10-29 14:52:55.847 CET" StructureHandle="=PhysicsLibrary/&amp;lt;enums{Methods.java[Methods~forceFromPAndT~D~D" StructureKind="java" NumEvents="96" CreationCount="404"/><InteractionEvent Delta="null" EndDate="2018-10-29 17:32:22.927 CET" Interest="13.0" Kind="selection" Navigation="null" OriginId="org.eclipse.jdt.ui.CompilationUnitEditor" StartDate="2018-10-29 14:52:50.209 CET" StructureHandle="=PhysicsLibrary/&amp;lt;enums{Methods.java[Methods~forceFromPAndT~D~D" StructureKind="java" NumEvents="13" CreationCount="404"/><InteractionEvent Delta="null" EndDate="2018-10-29 14:36:28.926 CET" Interest="243.0" Kind="propagation" Navigation="null" OriginId="org.eclipse.jdt.ui.CompilationUnitEditor" StartDate="2018-10-29 14:03:35.978 CET" StructureHandle="/PhysicsLibrary/enums/FluidTable.java" StructureKind="resource" NumEvents="243" CreationCount="4"/><InteractionEvent Delta="null" EndDate="2018-10-29 17:25:39.562 CET" Interest="26.0" Kind="edit" Navigation="null" OriginId="org.eclipse.jdt.ui.CompilationUnitEditor" StartDate="2018-10-29 17:24:47.693 CET" StructureHandle="=PhysicsLibrary/&amp;lt;enums{Methods.java[Methods~arkimedesPrinciple~QGasTable;~D" StructureKind="java" NumEvents="26" CreationCount="924"/><InteractionEvent Delta="null" EndDate="2018-10-29 17:28:07.326 CET" Interest="8.0" Kind="selection" Navigation="null" OriginId="org.eclipse.jdt.ui.CompilationUnitEditor" StartDate="2018-10-29 17:24:29.403 CET" StructureHandle="=PhysicsLibrary/&amp;lt;enums{Methods.java[Methods~arkimedesPrinciple~QGasTable;~D" StructureKind="java" NumEvents="8" CreationCount="924"/><InteractionEvent Delta="null" EndDate="2018-10-29 17:24:15.864 CET" Interest="33.0" Kind="edit" Navigation="null" OriginId="org.eclipse.jdt.ui.CompilationUnitEditor" StartDate="2018-10-29 17:20:46.161 CET" StructureHandle="=PhysicsLibrary/&amp;lt;enums{Methods.java[Methods~arkimedesPrinciple~QFluidTable;~D" StructureKind="java" NumEvents="33" CreationCount="874"/><InteractionEvent Delta="null" EndDate="2018-10-29 17:20:07.126 CET" Interest="4.0" Kind="selection" Navigation="null" OriginId="org.eclipse.jdt.ui.CompilationUnitEditor" StartDate="2018-10-29 17:19:55.895 CET" StructureHandle="=PhysicsLibrary/&amp;lt;enums{Methods.java[Methods^arkimedesPri" StructureKind="java" NumEvents="4" CreationCount="874"/><InteractionEvent Delta="null" EndDate="2018-10-29 14:43:23.373 CET" Interest="5.0" Kind="edit" Navigation="null" OriginId="org.eclipse.jdt.ui.CompilationUnitEditor" StartDate="2018-10-29 14:43:19.505 CET" StructureHandle="=PhysicsLibrary/&amp;lt;enums{Method_test.java[Method_test~queryLoop" StructureKind="java" NumEvents="5" CreationCount="357"/><InteractionEvent Delta="null" EndDate="2018-10-29 15:06:14.929 CET" Interest="2.0" Kind="selection" Navigation="null" OriginId="org.eclipse.jdt.ui.CompilationUnitEditor" StartDate="2018-10-29 14:43:18.196 CET" StructureHandle="=PhysicsLibrary/&amp;lt;enums{Method_test.java[Method_test~queryLoop" StructureKind="java" NumEvents="2" CreationCount="357"/><InteractionEvent Delta="null" EndDate="2018-10-29 14:26:39.416 CET" Interest="42.0" Kind="edit" Navigation="null" OriginId="org.eclipse.jdt.ui.CompilationUnitEditor" StartDate="2018-10-29 14:19:05.329 CET" StructureHandle="=PhysicsLibrary/&amp;lt;enums{FluidTable.java[FluidTable^heatCapacity" StructureKind="java" NumEvents="42" CreationCount="132"/><InteractionEvent Delta="null" EndDate="2018-10-29 14:19:01.253 CET" Interest="1.0" Kind="selection" Navigation="null" OriginId="org.eclipse.jdt.ui.CompilationUnitEditor" StartDate="2018-10-29 14:19:01.253 CET" StructureHandle="=PhysicsLibrary/&amp;lt;enums{FluidTable.java[FluidTable^heatCapacity" StructureKind="java"/><InteractionEvent Delta="null" EndDate="2018-10-29 14:30:33.303 CET" Interest="20.0" Kind="edit" Navigation="null" OriginId="org.eclipse.jdt.ui.CompilationUnitEditor" StartDate="2018-10-29 14:28:24.311 CET" StructureHandle="=PhysicsLibrary/&amp;lt;enums{FluidTable.java[FluidTable^boilPoint" StructureKind="java" NumEvents="20" CreationCount="203"/><InteractionEvent Delta="null" EndDate="2018-10-29 14:29:33.432 CET" Interest="2.0" Kind="selection" Navigation="null" OriginId="org.eclipse.jdt.ui.CompilationUnitEditor" StartDate="2018-10-29 14:28:21.566 CET" StructureHandle="=PhysicsLibrary/&amp;lt;enums{FluidTable.java[FluidTable^boilPoint" StructureKind="java" NumEvents="2" CreationCount="203"/><InteractionEvent Delta="null" EndDate="2018-10-29 17:27:27.47 CET" Interest="89.0" Kind="edit" Navigation="null" OriginId="org.eclipse.jdt.ui.CompilationUnitEditor" StartDate="2018-10-29 14:38:15.973 CET" StructureHandle="=PhysicsLibrary/&amp;lt;enums{Method_test.java[Method_test~Q10" StructureKind="java" NumEvents="89" CreationCount="266"/><InteractionEvent Delta="null" EndDate="2018-10-29 17:27:17.81 CET" Interest="7.0" Kind="selection" Navigation="null" OriginId="org.eclipse.jdt.ui.CompilationUnitEditor" StartDate="2018-10-29 14:38:14.276 CET" StructureHandle="=PhysicsLibrary/&amp;lt;enums{Method_test.java[Method_test~Q10" StructureKind="java" NumEvents="7" CreationCount="266"/><InteractionEvent Delta="null" EndDate="2018-10-29 14:03:38.458 CET" Interest="2.0" Kind="propagation" Navigation="null" OriginId="org.eclipse.jdt.ui.CompilationUnitEditor" StartDate="2018-10-29 14:03:38.335 CET" StructureHandle="/PhysicsLibrary/enums/SolidTable.java" StructureKind="resource" NumEvents="2" CreationCount="8"/><InteractionEvent Delta="null" EndDate="2018-10-29 17:40:30.678 CET" Interest="80.0" Kind="edit" Navigation="null" OriginId="org.eclipse.jdt.ui.CompilationUnitEditor" StartDate="2018-10-29 17:07:19.313 CET" StructureHandle="=PhysicsLibrary/&amp;lt;enums{Methods.java[Methods~efficiency~D~D" StructureKind="java" NumEvents="80" CreationCount="773"/><InteractionEvent Delta="null" EndDate="2018-10-29 17:38:13.128 CET" Interest="5.0" Kind="selection" Navigation="null" OriginId="org.eclipse.jdt.ui.CompilationUnitEditor" StartDate="2018-10-29 17:07:07.376 CET" StructureHandle="=PhysicsLibrary/&amp;lt;enums{Methods.java[Methods~efficiency~D~D" StructureKind="java" NumEvents="5" CreationCount="773"/></InteractionHistory>