<?xml version="1.0" encoding="UTF-8"?><InteractionHistory Id="local-9" Version="1"><InteractionEvent Delta="null" EndDate="2018-11-05 21:38:41.370 CET" Interest="309.0" Kind="propagation" Navigation="null" OriginId="org.eclipse.jdt.ui.CompilationUnitEditor" StartDate="2018-11-05 20:55:38.290 CET" StructureHandle="/PhysicsLibrary" StructureKind="resource" NumEvents="309" CreationCount="1"/><InteractionEvent Delta="null" EndDate="2018-11-05 21:38:41.370 CET" Interest="307.017" Kind="propagation" Navigation="org.eclipse.mylyn.core.model.edges.containment" OriginId="org.eclipse.mylyn.core.model.interest.propagation" StartDate="2018-11-05 20:55:38.290 CET" StructureHandle="" StructureKind="java" NumEvents="309" CreationCount="1"/><InteractionEvent Delta="null" EndDate="2018-11-05 21:38:41.370 CET" Interest="209.30199" Kind="propagation" Navigation="org.eclipse.mylyn.core.model.edges.containment" OriginId="org.eclipse.mylyn.core.model.interest.propagation" StartDate="2018-11-05 20:55:44.738 CET" StructureHandle="=PhysicsLibrary/&amp;lt;enums" StructureKind="java" NumEvents="299" CreationCount="2"/><InteractionEvent Delta="null" EndDate="2018-11-05 21:25:43.112 CET" Interest="3.0" Kind="selection" Navigation="null" OriginId="org.eclipse.jdt.ui.CompilationUnitEditor" StartDate="2018-11-05 20:56:33.626 CET" StructureHandle="=PhysicsLibrary/&amp;lt;enums{Methods.java" StructureKind="java" NumEvents="3" CreationCount="5"/><InteractionEvent Delta="null" EndDate="2018-11-05 21:25:43.112 CET" Interest="0.5500002" Kind="manipulation" Navigation="null" OriginId="org.eclipse.mylyn.core.model.interest.decay.correction" StartDate="2018-11-05 21:25:43.112 CET" StructureHandle="=PhysicsLibrary/&amp;lt;enums{Methods.java" StructureKind="java"/><InteractionEvent Delta="null" EndDate="2018-11-05 21:25:53.638 CET" Interest="0.05099988" Kind="propagation" Navigation="org.eclipse.mylyn.core.model.edges.containment" OriginId="org.eclipse.mylyn.core.model.interest.propagation" StartDate="2018-11-05 21:25:53.456 CET" StructureHandle="=PhysicsLibrary/&amp;lt;enums{Methods.java" StructureKind="java" NumEvents="2" CreationCount="5"/><InteractionEvent Delta="null" EndDate="2018-11-05 21:25:43.112 CET" Interest="0.56700015" Kind="manipulation" Navigation="null" OriginId="org.eclipse.mylyn.core.model.interest.decay.correction" StartDate="2018-11-05 21:25:43.112 CET" StructureHandle="/PhysicsLibrary/enums/Methods.java" StructureKind="resource"/><InteractionEvent Delta="null" EndDate="2018-11-05 21:25:53.638 CET" Interest="5.0" Kind="propagation" Navigation="null" OriginId="org.eclipse.ui.views.ContentOutline" StartDate="2018-11-05 20:56:33.626 CET" StructureHandle="/PhysicsLibrary/enums/Methods.java" StructureKind="resource" NumEvents="5" CreationCount="5"/><InteractionEvent Delta="null" EndDate="2018-11-05 21:38:41.370 CET" Interest="209.2" Kind="propagation" Navigation="org.eclipse.mylyn.core.model.edges.containment" OriginId="org.eclipse.mylyn.core.model.interest.propagation" StartDate="2018-11-05 21:07:54.293 CET" StructureHandle="=PhysicsLibrary/&amp;lt;enums{Method_test.java[Method_test" StructureKind="java" NumEvents="298" CreationCount="8"/><InteractionEvent Delta="null" EndDate="2018-11-05 21:25:53.638 CET" Interest="1.0" Kind="propagation" Navigation="org.eclipse.mylyn.core.model.edges.containment" OriginId="org.eclipse.mylyn.core.model.interest.propagation" StartDate="2018-11-05 21:25:53.638 CET" StructureHandle="=PhysicsLibrary/&amp;lt;enums{Methods.java[Methods" StructureKind="java"/><InteractionEvent Delta="null" EndDate="2018-11-05 21:25:53.456 CET" Interest="1.0" Kind="selection" Navigation="null" OriginId="org.eclipse.ui.views.ContentOutline" StartDate="2018-11-05 21:25:53.456 CET" StructureHandle="=PhysicsLibrary/&amp;lt;enums{Methods.java%enums" StructureKind="java"/><InteractionEvent Delta="null" EndDate="2018-11-05 21:26:17.813 CET" Interest="4.0" Kind="selection" Navigation="null" OriginId="org.eclipse.jdt.ui.CompilationUnitEditor" StartDate="2018-11-05 20:55:44.738 CET" StructureHandle="=PhysicsLibrary/&amp;lt;enums{Method_test.java" StructureKind="java" NumEvents="4" CreationCount="2"/><InteractionEvent Delta="null" EndDate="2018-11-05 21:38:41.370 CET" Interest="205.30199" Kind="propagation" Navigation="org.eclipse.mylyn.core.model.edges.containment" OriginId="org.eclipse.mylyn.core.model.interest.propagation" StartDate="2018-11-05 21:07:59.885 CET" StructureHandle="=PhysicsLibrary/&amp;lt;enums{Method_test.java" StructureKind="java" NumEvents="294" CreationCount="2"/><InteractionEvent Delta="null" EndDate="2018-11-05 21:38:41.370 CET" Interest="302.0" Kind="propagation" Navigation="null" OriginId="org.eclipse.jdt.ui.CompilationUnitEditor" StartDate="2018-11-05 20:55:44.738 CET" StructureHandle="/PhysicsLibrary/enums/Method_test.java" StructureKind="resource" NumEvents="302" CreationCount="2"/><InteractionEvent Delta="null" EndDate="2018-11-05 20:56:32.997 CET" Interest="1.0" Kind="selection" Navigation="null" OriginId="org.eclipse.jdt.ui.PackageExplorer" StartDate="2018-11-05 20:56:32.997 CET" StructureHandle="=PhysicsLibrary/&amp;lt;enums{SolidTable.java" StructureKind="java"/><InteractionEvent Delta="null" EndDate="2018-11-05 21:38:41.370 CET" Interest="307.017" Kind="propagation" Navigation="org.eclipse.mylyn.core.model.edges.containment" OriginId="org.eclipse.mylyn.core.model.interest.propagation" StartDate="2018-11-05 20:55:38.290 CET" StructureHandle="/" StructureKind="resource" NumEvents="309" CreationCount="1"/><InteractionEvent Delta="null" EndDate="2018-11-05 21:38:41.370 CET" Interest="209.30199" Kind="propagation" Navigation="org.eclipse.mylyn.core.model.edges.containment" OriginId="org.eclipse.mylyn.core.model.interest.propagation" StartDate="2018-11-05 20:55:44.738 CET" StructureHandle="=PhysicsLibrary/" StructureKind="java" NumEvents="299" CreationCount="2"/><InteractionEvent Delta="null" EndDate="2018-11-05 20:55:38.289 CET" Interest="1.0" Kind="selection" Navigation="null" OriginId="org.eclipse.jdt.ui.PackageExplorer" StartDate="2018-11-05 20:55:38.289 CET" StructureHandle="=PhysicsLibrary" StructureKind="java"/><InteractionEvent Delta="null" EndDate="2018-11-05 21:38:41.370 CET" Interest="306.017" Kind="propagation" Navigation="org.eclipse.mylyn.core.model.edges.containment" OriginId="org.eclipse.mylyn.core.model.interest.propagation" StartDate="2018-11-05 20:55:44.738 CET" StructureHandle="=PhysicsLibrary" StructureKind="resource" NumEvents="308" CreationCount="1"/><InteractionEvent Delta="null" EndDate="2018-11-05 21:38:41.370 CET" Interest="308.0" Kind="propagation" Navigation="null" OriginId="org.eclipse.jdt.ui.CompilationUnitEditor" StartDate="2018-11-05 20:55:44.738 CET" StructureHandle="/PhysicsLibrary/enums" StructureKind="resource" NumEvents="308" CreationCount="2"/><InteractionEvent Delta="null" EndDate="2018-11-05 21:25:53.638 CET" Interest="1.0" Kind="selection" Navigation="null" OriginId="org.eclipse.ui.views.ContentOutline" StartDate="2018-11-05 21:25:53.638 CET" StructureHandle="=PhysicsLibrary/&amp;lt;enums{Methods.java[Methods~power~D~D" StructureKind="java"/><InteractionEvent Delta="null" EndDate="2018-11-05 20:56:32.998 CET" Interest="1.0" Kind="propagation" Navigation="null" OriginId="org.eclipse.jdt.ui.PackageExplorer" StartDate="2018-11-05 20:56:32.998 CET" StructureHandle="/PhysicsLibrary/enums/SolidTable.java" StructureKind="resource"/><InteractionEvent Delta="null" EndDate="2018-11-05 21:26:17.825 CET" Interest="2.0" Kind="selection" Navigation="null" OriginId="org.eclipse.ui.views.ContentOutline" StartDate="2018-11-05 21:07:54.293 CET" StructureHandle="=PhysicsLibrary/&amp;lt;enums{Method_test.java[Method_test~Q10" StructureKind="java" NumEvents="2" CreationCount="8"/><InteractionEvent Delta="null" EndDate="2018-11-05 21:38:41.369 CET" Interest="296.0" Kind="edit" Navigation="null" OriginId="org.eclipse.jdt.ui.CompilationUnitEditor" StartDate="2018-11-05 21:07:56.588 CET" StructureHandle="=PhysicsLibrary/&amp;lt;enums{Method_test.java[Method_test~Q10" StructureKind="java" NumEvents="296" CreationCount="8"/></InteractionHistory>