<?xml version="1.0" encoding="UTF-8"?><TaskList Version="2.0"><Task ConnectorKind="local" RepositoryUrl="local" TaskId="1" Handle="local-1" Label="Add 5 elements per table" Priority="P2" Kind="task" IssueURL="" Notes="" Estimated="0" EndDate="2018-10-29 14:03:06.653 +0100" CreationDate="2018-10-25 18:20:00.632 +0200" ModificationDate="" DueDate="" Owner="local" Active="false" Reminded="false" MarkReadPending="false" NotifiedIncoming="true" offlineSyncState="SYNCHRONIZED"><SubTask Handle="local-8"/><SubTask Handle="local-7"/><SubTask Handle="local-6"/></Task><Task ConnectorKind="local" RepositoryUrl="local" TaskId="5" Handle="local-5" Label="Add 10 extra methods" Priority="P2" Kind="task" IssueURL="" Notes="" Estimated="0" EndDate="2018-10-29 17:41:44.157 +0100" CreationDate="2018-10-28 12:36:43.689 +0100" ModificationDate="" DueDate="" Owner="local" Active="false" Reminded="false" MarkReadPending="false" NotifiedIncoming="true" offlineSyncState="SYNCHRONIZED"/><Task ConnectorKind="local" RepositoryUrl="local" TaskId="3" Handle="local-3" Label="Add Javadocs to methods and variables" Priority="P3" Kind="task" IssueURL="" Notes="" Estimated="0" EndDate="2018-11-05 20:55:18.322 +0100" CreationDate="2018-10-26 14:11:13.999 +0200" ModificationDate="" DueDate="" Owner="local" Active="false" Reminded="false" MarkReadPending="false" NotifiedIncoming="true" offlineSyncState="SYNCHRONIZED"/><Task ConnectorKind="local" RepositoryUrl="local" TaskId="10" Handle="local-10" Label="Finish Readme.md" Priority="P1" Kind="task" IssueURL="" Notes="" Estimated="0" EndDate="2018-11-05 21:41:38.797 +0100" CreationDate="2018-11-04 12:00:57.58 +0100" ModificationDate="" DueDate="" Owner="local" Active="false" Reminded="false" MarkReadPending="false" NotifiedIncoming="true" offlineSyncState="SYNCHRONIZED"/><Task ConnectorKind="local" RepositoryUrl="local" TaskId="2" Handle="local-2" Label="Finish the methods" Priority="P1" Kind="task" IssueURL="" Notes="" Estimated="0" EndDate="2018-10-28 12:36:37.272 +0100" CreationDate="2018-10-26 14:10:12.105 +0200" ModificationDate="" DueDate="" Owner="local" Active="false" Reminded="false" MarkReadPending="false" NotifiedIncoming="true" offlineSyncState="SYNCHRONIZED"/><Task ConnectorKind="local" RepositoryUrl="local" TaskId="9" Handle="local-9" Label="Make 3 custom questions." Priority="P1" Kind="task" IssueURL="" Notes="" Estimated="0" EndDate="2018-11-05 21:39:11.647 +0100" CreationDate="2018-10-29 13:15:46.410 +0100" ModificationDate="" DueDate="" Owner="local" Active="false" Reminded="false" MarkReadPending="false" NotifiedIncoming="true" offlineSyncState="SYNCHRONIZED"/><Task ConnectorKind="local" RepositoryUrl="local" TaskId="8" Handle="local-8" Label="Add 5 gases" Priority="P3" Kind="task" IssueURL="" Notes="" Estimated="0" EndDate="2018-10-29 14:03:03.285 +0100" CreationDate="2018-10-28 17:54:16.468 +0100" ModificationDate="" DueDate="" Owner="local" Active="false" Reminded="false" MarkReadPending="false" NotifiedIncoming="true" offlineSyncState="SYNCHRONIZED"/><Task ConnectorKind="local" RepositoryUrl="local" TaskId="7" Handle="local-7" Label="Add 5 solids" Priority="P3" Kind="task" IssueURL="" Notes="" Estimated="0" EndDate="2018-10-29 13:15:26.588 +0100" CreationDate="2018-10-28 17:53:59.615 +0100" ModificationDate="" DueDate="" Owner="local" Active="false" Reminded="false" MarkReadPending="false" NotifiedIncoming="true" offlineSyncState="SYNCHRONIZED"/><Task ConnectorKind="local" RepositoryUrl="local" TaskId="6" Handle="local-6" Label="Add 5 fluids" Priority="P3" Kind="task" IssueURL="" Notes="" Estimated="0" EndDate="2018-10-28 17:53:51.398 +0100" CreationDate="2018-10-28 17:53:28.134 +0100" ModificationDate="" DueDate="" Owner="local" Active="false" Reminded="false" MarkReadPending="false" NotifiedIncoming="true" offlineSyncState="SYNCHRONIZED"/><TaskCategory Handle="handle-1" Name="PhysicsLibrary"><TaskReference Handle="local-5"/><TaskReference Handle="local-3"/><TaskReference Handle="local-10"/><TaskReference Handle="local-2"/><TaskReference Handle="local-1"/><TaskReference Handle="local-9"/></TaskCategory><TaskCategory Handle="Uncategorized" Name="Uncategorized"/></TaskList>