<?xml version="1.0" encoding="UTF-8"?><InteractionHistory Id="local-1" Version="1"><InteractionEvent Delta="null" EndDate="2018-10-28 17:53:04.245 CET" Interest="85.321" Kind="propagation" Navigation="org.eclipse.mylyn.core.model.edges.containment" OriginId="org.eclipse.mylyn.core.model.interest.propagation" StartDate="2018-10-28 17:12:41.682 CET" StructureHandle="=PhysicsLibrary/&amp;lt;enums{FluidTable.java" StructureKind="java" NumEvents="118" CreationCount="3"/><InteractionEvent Delta="null" EndDate="2018-10-28 17:59:42.27 CET" Interest="9.0" Kind="selection" Navigation="null" OriginId="org.eclipse.jdt.ui.PackageExplorer" StartDate="2018-10-28 17:09:07.979 CET" StructureHandle="=PhysicsLibrary/&amp;lt;enums{FluidTable.java" StructureKind="java" NumEvents="9" CreationCount="3"/><InteractionEvent Delta="null" EndDate="2018-10-29 13:48:34.891 CET" Interest="6.0" Kind="edit" Navigation="null" OriginId="org.eclipse.jdt.ui.CompilationUnitEditor" StartDate="2018-10-29 13:22:33.502 CET" StructureHandle="=PhysicsLibrary/&amp;lt;enums{GasTable.java[GasTable" StructureKind="java" NumEvents="6" CreationCount="340"/><InteractionEvent Delta="null" EndDate="2018-10-29 13:46:28.54 CET" Interest="5.972001" Kind="propagation" Navigation="org.eclipse.mylyn.core.model.edges.containment" OriginId="org.eclipse.mylyn.core.model.interest.propagation" StartDate="2018-10-29 13:27:58.674 CET" StructureHandle="=PhysicsLibrary/&amp;lt;enums{GasTable.java[GasTable" StructureKind="java" NumEvents="9" CreationCount="340"/><InteractionEvent Delta="null" EndDate="2018-10-29 13:48:33.660 CET" Interest="6.0" Kind="selection" Navigation="null" OriginId="org.eclipse.jdt.ui.CompilationUnitEditor" StartDate="2018-10-29 13:22:31.945 CET" StructureHandle="=PhysicsLibrary/&amp;lt;enums{GasTable.java[GasTable" StructureKind="java" NumEvents="6" CreationCount="340"/><InteractionEvent Delta="null" EndDate="2018-10-28 17:54:32.845 CET" Interest="25.0" Kind="edit" Navigation="null" OriginId="org.eclipse.jdt.ui.CompilationUnitEditor" StartDate="2018-10-28 17:51:34.95 CET" StructureHandle="=PhysicsLibrary/&amp;lt;enums{FluidTable.java[FluidTable^CARBON_TETRACHLORIDE" StructureKind="java" NumEvents="25" CreationCount="218"/><InteractionEvent Delta="null" EndDate="2018-10-28 17:53:04.843 CET" Interest="8.0" Kind="selection" Navigation="null" OriginId="org.eclipse.jdt.ui.CompilationUnitEditor" StartDate="2018-10-28 17:51:06.243 CET" StructureHandle="=PhysicsLibrary/&amp;lt;enums{FluidTable.java[FluidTable^CARBON_TETRACHLORIDE" StructureKind="java" NumEvents="8" CreationCount="218"/><InteractionEvent Delta="null" EndDate="2018-10-28 17:45:59.327 CET" Interest="14.0" Kind="edit" Navigation="null" OriginId="org.eclipse.jdt.ui.CompilationUnitEditor" StartDate="2018-10-28 17:37:08.824 CET" StructureHandle="=PhysicsLibrary/&amp;lt;enums{FluidTable.java[FluidTable^GLYCEROL" StructureKind="java" NumEvents="14" CreationCount="118"/><InteractionEvent Delta="null" EndDate="2018-10-28 17:45:55.438 CET" Interest="6.0" Kind="selection" Navigation="null" OriginId="org.eclipse.jdt.ui.CompilationUnitEditor" StartDate="2018-10-28 17:36:44.613 CET" StructureHandle="=PhysicsLibrary/&amp;lt;enums{FluidTable.java[FluidTable^GLYCEROL" StructureKind="java" NumEvents="6" CreationCount="118"/><InteractionEvent Delta="null" EndDate="2018-10-29 13:03:25.291 CET" Interest="1.0" Kind="selection" Navigation="null" OriginId="org.eclipse.jdt.ui.CompilationUnitEditor" StartDate="2018-10-29 13:03:25.291 CET" StructureHandle="=PhysicsLibrary/&amp;lt;enums{SolidTable.java[SolidTable^IRON" StructureKind="java"/><InteractionEvent Delta="null" EndDate="2018-10-29 13:12:52.803 CET" Interest="13.0" Kind="edit" Navigation="null" OriginId="org.eclipse.jdt.ui.CompilationUnitEditor" StartDate="2018-10-29 13:08:13.722 CET" StructureHandle="=PhysicsLibrary/&amp;lt;enums{SolidTable.java[SolidTable^COPPER" StructureKind="java" NumEvents="13" CreationCount="288"/><InteractionEvent Delta="null" EndDate="2018-10-29 13:08:12.725 CET" Interest="1.0" Kind="selection" Navigation="null" OriginId="org.eclipse.jdt.ui.CompilationUnitEditor" StartDate="2018-10-29 13:08:12.725 CET" StructureHandle="=PhysicsLibrary/&amp;lt;enums{SolidTable.java[SolidTable^COPPER" StructureKind="java"/><InteractionEvent Delta="null" EndDate="2018-10-29 14:02:27.426 CET" Interest="68.0" Kind="propagation" Navigation="null" OriginId="org.eclipse.jdt.ui.CompilationUnitEditor" StartDate="2018-10-29 13:21:33.152 CET" StructureHandle="/PhysicsLibrary/enums/GasTable.java" StructureKind="resource" NumEvents="68" CreationCount="338"/><InteractionEvent Delta="null" EndDate="2018-10-28 17:51:01.829 CET" Interest="11.0" Kind="edit" Navigation="null" OriginId="org.eclipse.jdt.ui.CompilationUnitEditor" StartDate="2018-10-28 17:49:24.369 CET" StructureHandle="=PhysicsLibrary/&amp;lt;enums{FluidTable.java[FluidTable^TURPNETINE" StructureKind="java" NumEvents="11" CreationCount="193"/><InteractionEvent Delta="null" EndDate="2018-10-28 17:49:53.230 CET" Interest="5.0" Kind="selection" Navigation="null" OriginId="org.eclipse.jdt.ui.CompilationUnitEditor" StartDate="2018-10-28 17:48:58.149 CET" StructureHandle="=PhysicsLibrary/&amp;lt;enums{FluidTable.java[FluidTable^TURPNETINE" StructureKind="java" NumEvents="5" CreationCount="193"/><InteractionEvent Delta="null" EndDate="2018-10-29 13:14:30.491 CET" Interest="11.738001" Kind="propagation" Navigation="org.eclipse.mylyn.core.model.edges.containment" OriginId="org.eclipse.mylyn.core.model.interest.propagation" StartDate="2018-10-29 13:03:47.196 CET" StructureHandle="=PhysicsLibrary/&amp;lt;enums{SolidTable.java" StructureKind="java" NumEvents="19" CreationCount="274"/><InteractionEvent Delta="null" EndDate="2018-10-29 13:17:14.256 CET" Interest="6.0" Kind="selection" Navigation="null" OriginId="org.eclipse.jdt.ui.CompilationUnitEditor" StartDate="2018-10-28 17:59:44.785 CET" StructureHandle="=PhysicsLibrary/&amp;lt;enums{SolidTable.java" StructureKind="java" NumEvents="6" CreationCount="274"/><InteractionEvent Delta="null" EndDate="2018-10-29 13:07:50.432 CET" Interest="9.0" Kind="edit" Navigation="null" OriginId="org.eclipse.jdt.ui.CompilationUnitEditor" StartDate="2018-10-29 13:06:00.831 CET" StructureHandle="=PhysicsLibrary/&amp;lt;enums{SolidTable.java[SolidTable^SILVER" StructureKind="java" NumEvents="9" CreationCount="273"/><InteractionEvent Delta="null" EndDate="2018-10-29 13:05:47.545 CET" Interest="2.0" Kind="selection" Navigation="null" OriginId="org.eclipse.jdt.ui.CompilationUnitEditor" StartDate="2018-10-29 13:05:37.991 CET" StructureHandle="=PhysicsLibrary/&amp;lt;enums{SolidTable.java[SolidTable^SILVER" StructureKind="java" NumEvents="2" CreationCount="273"/><InteractionEvent Delta="null" EndDate="2018-10-28 17:11:59.224 CET" Interest="1.0" Kind="selection" Navigation="null" OriginId="org.eclipse.jdt.ui.CompilationUnitEditor" StartDate="2018-10-28 17:11:59.224 CET" StructureHandle="=PhysicsLibrary/&amp;lt;enums{FluidTable.java[FluidTable^SULFURIC_ACID" StructureKind="java"/><InteractionEvent Delta="null" EndDate="2018-10-29 13:28:16.972 CET" Interest="7.0" Kind="edit" Navigation="null" OriginId="org.eclipse.jdt.ui.CompilationUnitEditor" StartDate="2018-10-29 13:27:38.329 CET" StructureHandle="=PhysicsLibrary/&amp;lt;enums{GasTable.java[GasTable^HELIUM" StructureKind="java" NumEvents="7" CreationCount="346"/><InteractionEvent Delta="null" EndDate="2018-10-29 13:27:35.442 CET" Interest="1.0" Kind="selection" Navigation="null" OriginId="org.eclipse.jdt.ui.CompilationUnitEditor" StartDate="2018-10-29 13:27:35.442 CET" StructureHandle="=PhysicsLibrary/&amp;lt;enums{GasTable.java[GasTable^H" StructureKind="java"/><InteractionEvent Delta="null" EndDate="2018-10-28 17:59:42.28 CET" Interest="94.355" Kind="propagation" Navigation="org.eclipse.mylyn.core.model.edges.containment" OriginId="org.eclipse.mylyn.core.model.interest.propagation" StartDate="2018-10-28 17:08:45.41 CET" StructureHandle="=PhysicsLibrary/&amp;lt;enums" StructureKind="java" NumEvents="147" CreationCount="1"/><InteractionEvent Delta="null" EndDate="2018-10-29 14:02:27.427 CET" Interest="422.0" Kind="propagation" Navigation="null" OriginId="org.eclipse.jdt.ui.CompilationUnitEditor" StartDate="2018-10-28 17:08:45.41 CET" StructureHandle="/PhysicsLibrary" StructureKind="resource" NumEvents="422" CreationCount="1"/><InteractionEvent Delta="null" EndDate="2018-10-28 17:30:01.823 CET" Interest="26.0" Kind="edit" Navigation="null" OriginId="org.eclipse.jdt.ui.CompilationUnitEditor" StartDate="2018-10-28 17:17:06.215 CET" StructureHandle="=PhysicsLibrary/&amp;lt;enums{FluidTable.java[FluidTable^ETHANOL" StructureKind="java" NumEvents="26" CreationCount="22"/><InteractionEvent Delta="null" EndDate="2018-10-28 17:22:56.324 CET" Interest="7.0" Kind="selection" Navigation="null" OriginId="org.eclipse.jdt.ui.CompilationUnitEditor" StartDate="2018-10-28 17:16:59.485 CET" StructureHandle="=PhysicsLibrary/&amp;lt;enums{FluidTable.java[FluidTable^ETHANOL" StructureKind="java" NumEvents="7" CreationCount="22"/><InteractionEvent Delta="null" EndDate="2018-10-29 13:47:36.830 CET" Interest="5.0" Kind="edit" Navigation="null" OriginId="org.eclipse.jdt.ui.CompilationUnitEditor" StartDate="2018-10-29 13:47:19.381 CET" StructureHandle="=PhysicsLibrary/&amp;lt;enums{GasTable.java[GasTable^NITROGEN" StructureKind="java" NumEvents="5" CreationCount="382"/><InteractionEvent Delta="null" EndDate="2018-10-29 13:47:17.722 CET" Interest="1.0" Kind="selection" Navigation="null" OriginId="org.eclipse.jdt.ui.CompilationUnitEditor" StartDate="2018-10-29 13:47:17.722 CET" StructureHandle="=PhysicsLibrary/&amp;lt;enums{GasTable.java[GasTable^NITROGEN" StructureKind="java"/><InteractionEvent Delta="null" EndDate="2018-10-29 14:02:10.970 CET" Interest="14.206001" Kind="propagation" Navigation="org.eclipse.mylyn.core.model.edges.containment" OriginId="org.eclipse.mylyn.core.model.interest.propagation" StartDate="2018-10-29 13:22:34.784 CET" StructureHandle="=PhysicsLibrary/&amp;lt;enums{GasTable.java" StructureKind="java" NumEvents="23" CreationCount="338"/><InteractionEvent Delta="null" EndDate="2018-10-29 13:21:33.390 CET" Interest="2.0" Kind="selection" Navigation="null" OriginId="org.eclipse.jdt.ui.CompilationUnitEditor" StartDate="2018-10-29 13:21:33.152 CET" StructureHandle="=PhysicsLibrary/&amp;lt;enums{GasTable.java" StructureKind="java" NumEvents="2" CreationCount="338"/><InteractionEvent Delta="null" EndDate="2018-10-28 17:10:29.294 CET" Interest="4.0" Kind="selection" Navigation="null" OriginId="org.eclipse.jdt.ui.CompilationUnitEditor" StartDate="2018-10-28 17:08:45.41 CET" StructureHandle="=PhysicsLibrary/&amp;lt;enums{Method_test.java" StructureKind="java" NumEvents="4" CreationCount="1"/><InteractionEvent Delta="null" EndDate="2018-10-28 17:10:29.294 CET" Interest="4.0" Kind="propagation" Navigation="null" OriginId="org.eclipse.jdt.ui.CompilationUnitEditor" StartDate="2018-10-28 17:08:45.41 CET" StructureHandle="/PhysicsLibrary/enums/Method_test.java" StructureKind="resource" NumEvents="4" CreationCount="1"/><InteractionEvent Delta="null" EndDate="2018-10-28 17:36:24.55 CET" Interest="5.0" Kind="edit" Navigation="null" OriginId="org.eclipse.jdt.ui.CompilationUnitEditor" StartDate="2018-10-28 17:30:59.853 CET" StructureHandle="=PhysicsLibrary/&amp;lt;enums{FluidTable.java[FluidTable^MERCURY" StructureKind="java" NumEvents="5" CreationCount="80"/><InteractionEvent Delta="null" EndDate="2018-10-28 17:32:25.480 CET" Interest="5.0" Kind="selection" Navigation="null" OriginId="org.eclipse.jdt.ui.CompilationUnitEditor" StartDate="2018-10-28 17:30:20.474 CET" StructureHandle="=PhysicsLibrary/&amp;lt;enums{FluidTable.java[FluidTable^MERCURY" StructureKind="java" NumEvents="5" CreationCount="80"/><InteractionEvent Delta="null" EndDate="2018-10-29 13:14:02.678 CET" Interest="12.0" Kind="edit" Navigation="null" OriginId="org.eclipse.jdt.ui.CompilationUnitEditor" StartDate="2018-10-29 13:12:58.666 CET" StructureHandle="=PhysicsLibrary/&amp;lt;enums{SolidTable.java[SolidTable^LEAD" StructureKind="java" NumEvents="12" CreationCount="304"/><InteractionEvent Delta="null" EndDate="2018-10-29 13:12:57.70 CET" Interest="1.0" Kind="selection" Navigation="null" OriginId="org.eclipse.jdt.ui.CompilationUnitEditor" StartDate="2018-10-29 13:12:57.70 CET" StructureHandle="=PhysicsLibrary/&amp;lt;enums{SolidTable.java[SolidTable^LEAD" StructureKind="java"/><InteractionEvent Delta="null" EndDate="2018-10-28 17:53:04.245 CET" Interest="74.419" Kind="propagation" Navigation="org.eclipse.mylyn.core.model.edges.containment" OriginId="org.eclipse.mylyn.core.model.interest.propagation" StartDate="2018-10-28 17:11:59.224 CET" StructureHandle="=PhysicsLibrary/&amp;lt;enums{FluidTable.java[FluidTable" StructureKind="java" NumEvents="103" CreationCount="9"/><InteractionEvent Delta="null" EndDate="2018-10-28 17:44:48.541 CET" Interest="4.0" Kind="edit" Navigation="null" OriginId="org.eclipse.jdt.ui.CompilationUnitEditor" StartDate="2018-10-28 17:43:49.774 CET" StructureHandle="=PhysicsLibrary/&amp;lt;enums{FluidTable.java[FluidTable" StructureKind="java" NumEvents="4" CreationCount="9"/><InteractionEvent Delta="null" EndDate="2018-10-28 17:51:03.844 CET" Interest="12.0" Kind="selection" Navigation="null" OriginId="org.eclipse.jdt.ui.CompilationUnitEditor" StartDate="2018-10-28 17:12:05.96 CET" StructureHandle="=PhysicsLibrary/&amp;lt;enums{FluidTable.java[FluidTable" StructureKind="java" NumEvents="12" CreationCount="9"/><InteractionEvent Delta="null" EndDate="2018-10-29 13:48:32.937 CET" Interest="6.0" Kind="edit" Navigation="null" OriginId="org.eclipse.jdt.ui.CompilationUnitEditor" StartDate="2018-10-29 13:48:08.706 CET" StructureHandle="=PhysicsLibrary/&amp;lt;enums{GasTable.java[GasTable^CHLORINE" StructureKind="java" NumEvents="6" CreationCount="390"/><InteractionEvent Delta="null" EndDate="2018-10-29 13:48:03.363 CET" Interest="1.0" Kind="selection" Navigation="null" OriginId="org.eclipse.jdt.ui.CompilationUnitEditor" StartDate="2018-10-29 13:48:03.363 CET" StructureHandle="=PhysicsLibrary/&amp;lt;enums{GasTable.java[GasTable^CH" StructureKind="java"/><InteractionEvent Delta="null" EndDate="2018-10-29 14:02:27.427 CET" Interest="422.0" Kind="propagation" Navigation="org.eclipse.mylyn.core.model.edges.containment" OriginId="org.eclipse.mylyn.core.model.interest.propagation" StartDate="2018-10-28 17:08:45.41 CET" StructureHandle="/" StructureKind="resource" NumEvents="422" CreationCount="1"/><InteractionEvent Delta="null" EndDate="2018-10-28 17:59:42.28 CET" Interest="94.355" Kind="propagation" Navigation="org.eclipse.mylyn.core.model.edges.containment" OriginId="org.eclipse.mylyn.core.model.interest.propagation" StartDate="2018-10-28 17:08:45.41 CET" StructureHandle="=PhysicsLibrary/" StructureKind="java" NumEvents="147" CreationCount="1"/><InteractionEvent Delta="null" EndDate="2018-10-29 13:27:32.216 CET" Interest="1.0" Kind="selection" Navigation="null" OriginId="org.eclipse.jdt.ui.CompilationUnitEditor" StartDate="2018-10-29 13:27:32.216 CET" StructureHandle="=PhysicsLibrary/&amp;lt;enums{GasTable.java[GasTable^OXYGEN" StructureKind="java"/><InteractionEvent Delta="null" EndDate="2018-10-29 14:02:27.427 CET" Interest="422.0" Kind="propagation" Navigation="org.eclipse.mylyn.core.model.edges.containment" OriginId="org.eclipse.mylyn.core.model.interest.propagation" StartDate="2018-10-28 17:08:45.41 CET" StructureHandle="=PhysicsLibrary" StructureKind="resource" NumEvents="422" CreationCount="1"/><InteractionEvent Delta="null" EndDate="2018-10-29 14:02:27.427 CET" Interest="422.0" Kind="propagation" Navigation="null" OriginId="org.eclipse.jdt.ui.CompilationUnitEditor" StartDate="2018-10-28 17:08:45.41 CET" StructureHandle="/PhysicsLibrary/enums" StructureKind="resource" NumEvents="422" CreationCount="1"/><InteractionEvent Delta="null" EndDate="2018-10-28 17:59:42.27 CET" Interest="269.0" Kind="propagation" Navigation="null" OriginId="org.eclipse.jdt.ui.PackageExplorer" StartDate="2018-10-28 17:09:07.979 CET" StructureHandle="/PhysicsLibrary/enums/FluidTable.java" StructureKind="resource" NumEvents="269" CreationCount="3"/><InteractionEvent Delta="null" EndDate="2018-10-29 13:12:52.803 CET" Interest="7.593" Kind="propagation" Navigation="org.eclipse.mylyn.core.model.edges.containment" OriginId="org.eclipse.mylyn.core.model.interest.propagation" StartDate="2018-10-29 13:03:25.291 CET" StructureHandle="=PhysicsLibrary/&amp;lt;enums{SolidTable.java[SolidTable" StructureKind="java" NumEvents="12" CreationCount="259"/><InteractionEvent Delta="null" EndDate="2018-10-29 13:14:04.852 CET" Interest="2.0" Kind="edit" Navigation="null" OriginId="org.eclipse.jdt.ui.CompilationUnitEditor" StartDate="2018-10-29 13:12:54.417 CET" StructureHandle="=PhysicsLibrary/&amp;lt;enums{SolidTable.java[SolidTable" StructureKind="java" NumEvents="2" CreationCount="259"/><InteractionEvent Delta="null" EndDate="2018-10-29 13:14:03.892 CET" Interest="5.0" Kind="selection" Navigation="null" OriginId="org.eclipse.jdt.ui.CompilationUnitEditor" StartDate="2018-10-29 13:03:26.971 CET" StructureHandle="=PhysicsLibrary/&amp;lt;enums{SolidTable.java[SolidTable" StructureKind="java" NumEvents="5" CreationCount="259"/><InteractionEvent Delta="null" EndDate="2018-10-29 13:46:28.54 CET" Interest="14.0" Kind="edit" Navigation="null" OriginId="org.eclipse.jdt.ui.CompilationUnitEditor" StartDate="2018-10-29 13:30:00.972 CET" StructureHandle="=PhysicsLibrary/&amp;lt;enums{GasTable.java[GasTable^CARBON_DIOXIDE" StructureKind="java" NumEvents="14" CreationCount="356"/><InteractionEvent Delta="null" EndDate="2018-10-29 13:29:49.54 CET" Interest="1.0" Kind="selection" Navigation="null" OriginId="org.eclipse.jdt.ui.CompilationUnitEditor" StartDate="2018-10-29 13:29:49.54 CET" StructureHandle="=PhysicsLibrary/&amp;lt;enums{GasTable.java[GasTable^C" StructureKind="java"/><InteractionEvent Delta="null" EndDate="2018-10-28 17:52:39.174 CET" Interest="83.0" Kind="edit" Navigation="null" OriginId="org.eclipse.jdt.ui.CompilationUnitEditor" StartDate="2018-10-28 17:12:25.437 CET" StructureHandle="=PhysicsLibrary/&amp;lt;enums{FluidTable.java[FluidTable~FluidTable~D~D~D~D~D" StructureKind="java" NumEvents="83" CreationCount="16"/><InteractionEvent Delta="null" EndDate="2018-10-28 17:53:04.245 CET" Interest="31.0" Kind="selection" Navigation="null" OriginId="org.eclipse.jdt.ui.CompilationUnitEditor" StartDate="2018-10-28 17:12:24.945 CET" StructureHandle="=PhysicsLibrary/&amp;lt;enums{FluidTable.java[FluidTable~FluidTable~D~D~D~D~D" StructureKind="java" NumEvents="31" CreationCount="16"/><InteractionEvent Delta="null" EndDate="2018-10-29 13:17:14.194 CET" Interest="12.0" Kind="edit" Navigation="null" OriginId="org.eclipse.jdt.ui.CompilationUnitEditor" StartDate="2018-10-29 13:14:09.863 CET" StructureHandle="=PhysicsLibrary/&amp;lt;enums{SolidTable.java[SolidTable^GLASS" StructureKind="java" NumEvents="12" CreationCount="319"/><InteractionEvent Delta="null" EndDate="2018-10-29 13:21:28.819 CET" Interest="2.0" Kind="selection" Navigation="null" OriginId="org.eclipse.jdt.ui.PackageExplorer" StartDate="2018-10-29 13:14:07.351 CET" StructureHandle="=PhysicsLibrary/&amp;lt;enums{SolidTable.java[SolidTable^GLASS" StructureKind="java" NumEvents="2" CreationCount="319"/><InteractionEvent Delta="null" EndDate="2018-10-29 13:21:28.820 CET" Interest="81.0" Kind="propagation" Navigation="null" OriginId="org.eclipse.jdt.ui.PackageExplorer" StartDate="2018-10-28 17:59:44.785 CET" StructureHandle="/PhysicsLibrary/enums/SolidTable.java" StructureKind="resource" NumEvents="81" CreationCount="274"/><InteractionEvent Delta="null" EndDate="2018-10-29 13:05:34.281 CET" Interest="9.0" Kind="edit" Navigation="null" OriginId="org.eclipse.jdt.ui.CompilationUnitEditor" StartDate="2018-10-29 13:03:33.495 CET" StructureHandle="=PhysicsLibrary/&amp;lt;enums{SolidTable.java[SolidTable^ALUMINIUM" StructureKind="java" NumEvents="9" CreationCount="261"/><InteractionEvent Delta="null" EndDate="2018-10-29 13:05:45.696 CET" Interest="2.0" Kind="selection" Navigation="null" OriginId="org.eclipse.jdt.ui.CompilationUnitEditor" StartDate="2018-10-29 13:03:28.826 CET" StructureHandle="=PhysicsLibrary/&amp;lt;enums{SolidTable.java[SolidTable^ALUMINIUM" StructureKind="java" NumEvents="2" CreationCount="261"/><InteractionEvent Delta="null" EndDate="2018-10-29 14:02:27.426 CET" Interest="5.0" Kind="edit" Navigation="null" OriginId="org.eclipse.jdt.ui.CompilationUnitEditor" StartDate="2018-10-29 14:02:10.969 CET" StructureHandle="=PhysicsLibrary/&amp;lt;enums{GasTable.java[GasTable^NEON" StructureKind="java" NumEvents="5" CreationCount="400"/><InteractionEvent Delta="null" EndDate="2018-10-29 14:02:08.926 CET" Interest="1.0" Kind="selection" Navigation="null" OriginId="org.eclipse.jdt.ui.CompilationUnitEditor" StartDate="2018-10-29 14:02:08.926 CET" StructureHandle="=PhysicsLibrary/&amp;lt;enums{GasTable.java[GasTable^NEON" StructureKind="java"/></InteractionHistory>